Acanthochalcis,0,1,0,0,0,0,1,0,-,0,0,0,0,1,0,-,1,1,-,-,-,-,1,0,0,0,1,0,0,1,0,0,0,0,2,-,-,-,-,-,2,1,1,0,1,0,0,2,1,1,1,-,0,0,2,0,3,0,1,1,4,0,0,0,0,1,1,0,0,0,0,0,0,0,0,0,0,0,0,0,0,0,0,0,1,1,-,0,2,-,2,0,1,1,2,0,2,1,0,1,1,0,1,0,0,0,-,1,0,0,0,1,1,0,1,1,0,0,1,0,1,1,0,1,0,1,0,0,2,0,0,0,0,1,2,1,0,1,0,1,0,1,0,0,0,0,1,0,0,0,0,1,1,0,0,0,1,0,1,1,2,0,1,0,0,1,0,2,0,1,0,0,0,-,0,1,1,1,1,0,0,0,1,2,1,0,1,0,1,1,1,1,1,1,1,0,1,1,1,0,0,1,1,0,0,1,0,0,2,0,0,1,-,-,1,1,1,0,0,0,0,1,0,1,0,1,0,0,0,-,1,0,1,0,1,0,0,1,-,0,1,1,0,1,0,1,1,0,0,1,0,0,-,0,0,0,1,0,0,0,1,2,1,1,0,0,0,0,1,1,1,0,0,0,0,0,0,0,-,-,-,-,-,-,-,-,-,-,-,-,-,-,-,-,-,-,-,-,-,-,-,-,-,-,-,-,-,-,-,-,-,-,-,-,-,-,-,-,-,-,-,-,-,-,-,-,-,-,-,-,-,-,-,-,-,-,-,-,-,-,-,1,0,1,1,1,2,1,1,1,1,1,1,2,1,1,0,1,1,1,1,0,1,0,0,0,1,?,0,0,0,1,0,0,0,0,0,1,0,1,1,1,0,1,0,0,0,0,1,0,1,1
Aleiodes,0,1,1,1,1,1,0,0,1,0,0,0,0,1,1,0,2,1,0,1,1,1,1,5,0,0,1,0,0,-,2,0,0,0,2,-,-,1,0,0,2,1,1,0,0,2,0,2,1,1,1,1,0,0,3,1,4,0,1,0,6,0,0,0,1,0,1,0,-,0,0,-,-,0,0,1,0,0,0,0,2,1,1,0,0,-,0,-,-,0,1,1,1,1,2,0,2,1,0,1,0,0,2,1,1,1,0,0,1,0,0,1,0,0,1,1,0,0,1,0,1,1,0,1,0,0,1,0,2,0,0,1,0,1,2,0,1,1,0,0,0,1,0,0,0,0,0,0,0,1,0,1,1,0,1,0,1,0,1,1,2,0,0,0,0,0,0,2,0,2,0,1,1,1,0,1,1,1,1,0,0,0,0,1,1,0,0,0,0,1,1,1,1,1,1,0,1,1,0,0,-,1,1,1,1,1,0,0,2,0,0,1,-,-,1,1,1,0,0,0,2,1,1,1,0,0,0,0,0,-,1,1,0,0,1,0,0,1,1,0,0,0,0,1,0,1,1,1,0,2,0,0,-,0,1,0,1,0,0,1,0,2,0,1,-,-,1,0,0,0,1,1,1,0,0,1,0,1,-,-,-,-,-,-,2,-,-,-,-,-,-,-,-,-,-,-,-,-,-,-,-,-,-,-,-,-,-,-,-,-,-,-,-,-,-,-,-,-,-,-,-,-,-,-,-,-,-,-,-,-,-,-,-,-,-,-,-,-,-,-,-,2,1,0,0,0,2,1,1,1,1,1,1,2,1,1,0,1,1,0,0,0,0,0,0,2,2,0,-,0,-,-,0,1,0,1,1,0,1,1,?,1,0,1,0,0,1,0,1,1,1,0
Anacharis,0,0,0,1,1,0,0,0,-,0,0,0,0,1,-,-,1/2,1,0,-,-,-,1,6,0,1,1,0,0,0,2,2,0,0,0,1,1,1,0,0,3,0,1,0,1,1,0,2,1,1,1,1,0,0,3,0,3,0,1,0,5,0,1,0,0,1,1,1,1,-,1,0,1,1,0,0,0,0,0,1,0,0,1,0,0,-,1,1,0,0,0,-,1,1,2,0,2,1,0,1,0,1,2,0,0,0,-,0,0,0,0,0,1,1,1,1,1,-,1,0,1,1,-,1,0,0,1,0,2,1,1,0,1,1,2,0,1,1,0,0,1,0,-,0,0,0,0,0,0,0,0,1,1,0,0,0,1,1,1,1,2,0,0,0,0,1,0,2,0,2,0,0,1,1,1,1,0,1,1,1,0,0,0,2,0,-,0,0,0,1,1,1,1,1,1,0,0,1,1,0,-,0,1,1,1,1,0,-,2,1,0,1,-,-,1,1,1,0,0,1,1,0,0,1,0,0,0,0,0,-,1,0,0,0,1,0,0,1,1,0,0,0,0,1,0,1,1,2,1,1,0,0,-,0,0,0,1,1,0,0,0,2,1,0,1,0,0,0,-,-,-,-,-,-,-,-,-,-,-,-,-,-,-,-,2,-,-,-,-,-,-,-,-,-,-,-,-,-,-,-,-,-,-,-,-,-,-,-,-,-,-,-,-,-,-,-,-,-,-,-,-,-,-,-,-,-,-,-,-,-,-,-,-,-,-,-,-,-,-,-,-,0,0,1,1,1,2,1,1,1,1,1,1,2,1,1,0,1,1,1,0,1,0,0,0,0,1,0,-,0,-,-,0,0,0,0,0,1,0,1,1,-,0,1,0,0,0,0,1,1,1,1
Archaeoteleia,0,0,0,1,0,0,2,0,1,0,0,0,0,1,0,0,1,1,0,0,1,1,1,0,0,1,1,0,0,0,0,1,1,1,0,1,1,1,0,0,2,1,1,0,1,1,0,4,-,-,-,-,-,-,4,-,3,0,1,0,5,0,0,0,0,0,1,1,0,1,0,0,1,1,0,0,0,0,0,1,1,0,1,2,0,-,1,1,0,0,0,-,1,1,2,0,2,1,0,1,1,0,2,1,0,0,-,0,1,0,1,1,1,0,1,1,0,0,1,0,1,1,0,1,1,0,1,1,2,1,0,0,1,1,2,0,1,1,0,0,0,1,1,0,0,0,0,1,0,0,0,1,0,0,0,0,1,0,0,1,2,0,0,0,0,1,0,2,0,2,0,1,0,-,0,1,0,1,1,1,0,0,1,1,0,-,0,0,0,1,1,0,1,1,1,0,1,1,0,0,-,1,1,1,0,1,0,0,2,0,0,1,-,-,1,1,1,0,0,0,1,1,0,1,0,1,0,0,1,0,1,0,1,0,1,1,0,1,2,0,0,0,0,1,0,1,1,0,0,1,0,0,-,0,0,0,0,1,0,0,1,2,1,1,0,0,1,0,0,0,1,0,1,-,0,0,1,0,0,0,0,1,1,1,2,0,0,0,0,0,0,0,0,0,1,1,0,0,0,0,0,0,0,1,1,0,0,0,1,0,1,1,0,1,-,0,0,0,0,0,-,0,0,0,0,1,0,0,0,0,1,0,0,0,0,0,0,0,0,1,0,0,0,1,1,0,2,1,1,1,1,1,1,2,1,1,0,1,1,1,0,0,0,0,0,0,2,0,-,0,-,-,1,1,0,0,0,1,0,1,0,-,0,1,0,0,0,0,1,1,1,1
Athalia,0,0,0,1,0,0,0,0,1,0,1,0,0,0,?,0,?,0,?,1,0,0,1,0,0,0,0,0,0,0,0,1,0,0,0,1,1,0,0,0,2,0,1,0,0,0,1,0,1,0,0,-,0,0,1,0,4,0,0,0,6,0,0,0,0,0,1,0,1,-,0,0,1,0,0,0,0,0,0,1,0,0,1,0,1,0,-,0,0,-,0,0,0,0,2,0,2,0,0,1,0,0,0,0,0,1,1,0,0,0,0,1,0,0,1,0,0,0,0,1,0,0,0,1,0,0,1,0,0,0,0,1,0,0,0,0,0,0,0,0,0,1,-,0,0,0,0,0,1,0,0,0,0,0,1,1,1,0,0,0,0,0,0,0,0,0,1,2,0,0,1,1,1,-,0,1,1,0,0,0,0,0,0,0,1,0,0,0,0,0,0,-,1,0,0,0,1,1,0,1,1,0,1,1,0,0,1,1,0,0,1,0,0,1,0,0,1,0,0,0,0,0,1,1,0,1,0,0,1,0,0,-,1,0,1,0,0,1,1,0,0,0,0,1,1,0,0,0,0,1,1,0,0,0,-,0,1,0,0,-,0,0,0,1,-,-,-,0,0,0,-,-,0,0,0,0,0,0,0,0,1,0,0,0,0,-,0,1,1,1,1,1,0,1,0,1,1,1,0,1,0,1,0,0,0,0,0,1,1,1,0,0,1,0,1,1,1,0,1,1,1,1,0,1,0,1,0,0,0,1,1,1,1,0,0,0,0,0,1,1,0,0,0,0,0,0,2,1,0,0,0,0,1,1,0,1,0,1,0,1,0,0,0,0,0,1,2,1,1,0,0,1,0,0,0,0,0,0,0,1,0,1,0,0,0,0,0,0,0,?,0,0
Atomacera,?,?,?,?,?,?,?,?,?,?,?,?,?,?,?,?,?,?,?,?,?,?,?,?,?,?,?,?,?,?,?,?,?,?,?,?,?,?,?,?,?,?,?,?,?,?,?,?,?,?,?,?,?,?,?,?,?,?,?,?,?,?,?,?,?,?,?,?,?,?,?,?,?,?,?,?,?,?,?,?,?,?,?,?,?,?,?,?,?,?,?,?,?,?,?,?,?,?,?,?,?,?,?,?,?,?,?,?,?,?,?,?,?,?,?,?,?,?,?,?,?,?,?,?,?,?,?,?,?,?,?,?,?,?,?,?,?,?,?,?,?,?,?,?,?,?,?,?,?,?,?,?,?,?,?,?,?,?,?,?,?,?,?,?,?,?,?,?,?,?,?,?,?,?,?,?,?,?,?,?,?,?,?,?,?,?,?,?,?,?,?,?,?,?,?,?,?,?,?,?,?,?,?,?,?,?,?,?,?,?,?,?,?,?,?,?,?,?,?,?,?,?,?,?,?,?,?,?,?,?,?,?,?,?,?,?,?,?,?,?,?,?,?,?,?,?,?,?,?,?,?,?,?,?,?,?,?,?,?,?,?,?,?,?,?,?,?,?,?,?,?,?,?,?,?,?,?,?,?,?,?,?,?,?,?,?,?,?,?,?,?,?,?,?,?,?,?,?,?,?,?,?,?,?,?,?,?,?,?,?,?,?,?,?,?,?,?,?,?,?,?,?,?,?,?,?,?,?,?,?,?,?,?,?,?,?,?,?,?,?,?,?,?,?,?,?,?,?,?,?,?,?,?,?,?,?,?,?,?,?,?,?,?,?,?,?,?,?,?,?,?,?,?,?,?,?,?,?,?,?,?,?,?,?,?,?,?,?,-,?,0,-
Aulacus,0,0,0,1,0,0,0,0,1,0,0,0,0,1,0,0,1,0,?,1,1,-,1,1,0,0,1,0,0,2,2,0,0,0,0,1,1,1,0,2,2,0,1,0,0,1,0,2,3,1,1,1,0,0,3,1,4,0,1,2,6,0,0,0,0,2,1,0,0,0,0,0,1,0,0,0,0,0,1,0,2,1,1,0,0,-,0,-,-,-,0,0,1,1,2,0,2,1,1,1,1,0,2,0,0,1,0,1,0,1,0,1,1,0,1,0,0,0,1,0,1,1,0,1,0,0,1,0,2,1,0,0,1,1,2,0,1,1,0,0,0,1,1,0,0,0,0,0,0,0,0,1,1,0,1,1,1,0,1,1,2,0,0,0,0,0,0,2,0,1,0,1,1,0,0,1,1,1,1,1,0,0,0,0,1,1,0,0,0,1,1,0,1,1,0,0,1,1,0,0,0,1,1,0,0,1,0,0,2,0,0,1,-,-,0,1,1,0,0,1,1,0,0,1,0,2,0,0,1,0,1,1,0,0,1,0,0,1,2,0,0,0,0,1,0,1,1,0,0,2,0,0,0,0,0,0,0,0,0,0,1,2,1,2,1,0,0,0,0,0,0,-,0,0,0,0,0,0,-,-,-,-,-,-,2,-,-,-,-,-,-,-,-,-,-,-,-,-,-,-,-,-,-,-,-,-,-,-,-,-,-,-,-,-,-,-,-,-,-,-,-,-,-,-,-,-,-,-,-,-,-,-,-,-,-,-,-,-,-,-,-,0,0,0,0,0,2,1,1,1,1,1,1,2,1,1,0,1,1,0,0,0,0,0,0,0,-,0,1,0,1,1,1,0,1,0,0,1,0,1,?,-,0,1,0,0,0,0,1,1,1,0
Australomymar,?,?,?,?,?,?,?,?,?,?,?,?,?,?,?,?,?,?,?,?,?,?,1,0,0,0,1,0,0,-,-,1,1,1,-,-,-,-,0,0,3,1,1,0,1,1,1,2,2,1,1,0,0,0,3,0,1,0,1,1,1,0,?,?,0,0,1,0,?,?,?,?,?,?,?,?,?,?,?,?,?,?,?,?,?,?,?,?,?,?,?,?,?,?,?,?,?,?,?,?,?,?,?,?,?,?,?,?,?,?,?,?,?,?,?,?,?,?,?,?,?,?,?,?,?,?,?,?,?,?,?,?,?,?,?,?,?,?,?,?,?,?,?,?,?,?,?,?,?,?,?,?,?,?,?,?,?,?,?,?,?,?,?,?,?,?,?,?,?,?,?,?,?,?,?,?,?,?,?,?,?,?,?,?,?,?,?,?,?,?,?,?,?,?,?,?,?,?,?,?,?,?,?,?,?,?,?,?,?,?,?,?,?,?,?,?,?,?,?,?,?,?,?,?,?,?,?,?,?,?,?,?,?,?,?,?,?,?,?,?,?,?,?,?,?,?,?,?,?,?,?,?,?,?,?,?,?,?,?,?,?,?,?,?,?,?,?,?,?,?,?,?,?,?,?,?,?,?,?,?,?,?,?,?,?,?,?,?,?,?,?,?,?,?,?,?,?,?,?,?,?,?,?,?,?,?,?,?,?,?,?,?,?,?,?,?,?,?,?,?,?,?,?,?,?,?,?,?,?,?,?,?,?,?,?,?,?,?,?,?,?,?,?,?,?,?,?,?,?,?,?,?,?,?,?,?,?,?,?,?,?,?,?,?,?,?,?,?,?,?,?,?,?,?,?,?,?,?,?,?,?,?,?,?,?,?,?,?,?,?,?,?
Austronia,?,?,?,?,?,?,?,?,?,?,?,?,?,?,?,?,?,?,?,?,?,?,?,?,?,?,?,?,?,?,?,?,?,?,?,?,?,?,?,?,?,?,?,?,?,?,?,?,?,?,?,?,?,?,?,?,?,?,?,?,?,?,?,?,?,?,?,?,?,?,?,?,?,?,?,?,?,?,?,?,?,?,?,?,?,?,?,?,?,?,?,?,?,?,?,?,?,?,?,?,?,?,?,?,?,?,?,?,?,?,?,?,?,?,?,?,?,?,?,?,?,?,?,?,?,?,?,?,?,?,?,?,?,?,?,?,?,?,?,?,?,?,?,?,?,?,?,?,?,?,?,?,?,?,?,?,?,?,?,?,?,?,?,?,?,?,?,?,?,?,?,?,?,?,?,?,?,?,?,?,?,?,?,?,?,?,?,?,?,?,?,?,?,?,?,?,?,?,?,?,?,?,?,?,?,?,?,?,?,?,?,?,?,?,?,?,?,?,?,?,?,?,?,?,?,?,?,?,?,?,?,?,?,?,?,?,?,?,?,?,?,?,?,?,?,?,?,?,?,?,?,?,?,?,?,?,?,?,?,?,?,?,?,?,?,?,?,?,?,?,?,?,?,?,?,?,?,?,?,?,?,?,?,?,?,?,?,?,?,?,?,?,?,?,?,?,?,?,?,?,?,?,?,?,?,?,?,?,?,?,?,?,?,?,?,?,?,?,?,?,?,?,?,?,?,?,?,?,?,?,?,?,?,?,?,?,?,?,?,?,?,0,0,1,0,0,2,1,1,1,1,1,1,2,1,1,1,0,1,1,0,1,0,0,0,0,-,0,1,0,1,1,0,0,0,0,0,1,0,1,1,-,0,1,0,0,0,0,1,1,1,-
Austroserphus,0,0,0,1,1,0,0,0,1,0,0,0,1,1,1,0,2,1,0,0,-,-,1,0,0,0,1,0,0,-,-,0,0,0,0,-,-,1,-,-,1,1,1,0,-,1,0,2,1,1,-,-,0,0,-,-,3,0,-,1,5,0,-,0,-,-,1,-,0,0,0,0,1,1,0,0,1,0,0,1,0,0,1,2,0,-,1,1,-,0,0,-,1,1,2,0,2,1,0,1,0,1,2,1,0,1,0,0,0,0,0,1,1,0,1,1,1,0,1,0,1,1,0,1,0,0,1,1,2,1,0,1,1,1,2,0,1,1,1,0,0,1,-,0,0,0,0,1,0,1,0,1,1,0,1,0,1,0,1,1,2,0,0,0,0,1,0,2,0,2,0,0,0,-,0,1,1,0,1,1,0,0,0,1,0,-,0,0,0,1,1,1,1,1,1,0,0,1,0,0,-,1,1,0,1,1,0,0,2,0,0,1,-,-,0,1,1,0,0,0,1,1,1,1,0,1,0,0,0,-,1,1,0,0,1,0,0,0,1,0,0,0,0,1,0,1,1,2,1,2,0,0,0,0,0,1,0,1,0,0,0,2,1,0,0,0,1,0,1,1,1,0,0,0,0,0,1,0,-,-,-,-,-,-,2,-,-,-,-,-,-,-,-,-,-,-,-,-,-,-,-,-,-,-,-,-,-,-,-,-,-,-,-,-,-,-,-,-,-,-,-,-,-,-,-,-,-,-,-,-,-,-,-,-,-,-,-,-,-,-,-,0,0,1,0,0,2,1,1,1,1,1,1,2,1,1,1,0,1,1,0,1,0,0,0,0,-,0,-,0,-,-,1,?,?,?,?,?,?,?,?,?,?,?,?,?,?,?,1,1,1,1
Belyta,0,0,0,1,1,1,0,0,1,0,0,0,0,1,0,0,2,1,0,0,1,1,1,0,0,0,1,0,0,0,2,0,0,1,0,1,1,1,0,2,2,1,1,0,0,1,0,2,3,0,1,1,0,0,3,0,3,0,0,1,5,0,0,1,1,0,1,0,0,0,1,0,1,0,0,0,0,0,0,1,2,0,1,1,0,-,1,1,0,0,1,-,1,1,2,0,2,1,0,0,-,0,2,1,0,0,-,0,1,0,0,1,1,0,1,1,0,-,1,0,1,1,-,1,1,0,1,0,2,1,0,0,0,0,2,0,0,1,1,0,1,1,0,0,0,0,0,0,0,0,0,1,0,0,0,0,1,1,1,1,2,0,0,0,0,1,0,2,0,0,0,1,1,-,1,1,0,1,1,1,0,1,1,1,1,0,0,0,0,1,1,0,1,1,1,0,1,1,0,0,-,1,1,0,0,1,0,0,2,0,0,1,-,-,1,1,1,0,1,0,1,0,1,1,0,1,0,0,1,0,1,0,0,0,1,0,0,1,1,0,0,0,0,1,0,1,1,2,1,2,0,1,0,0,0,1,1,1,0,0,1,2,1,0,1,0,0,0,1,1,1,0,1,0,0,0,1,0,0,2,0,0,0,0,2,0,1,0,0,0,0,0,-,0,0,1,0,1,0,0,1,0,0,1,0,0,0,0,1,0,1,1,0,0,1,1,0,0,0,0,-,0,0,0,0,1,0,0,0,0,1,0,0,0,0,0,0,0,0,1,0,0,0,1,0,1,2,1,1,1,1,1,1,2,1,1,0,1,1,1,0,0,0,0,0,0,-,0,-,0,-,-,1,0,0,0,0,1,0,1,1,-,0,1,0,0,0,0,1,1,1,1
Brachygaster,0,0,0,1,1,0,0,0,1,0,0,0,0,1,0,0,1,1,0,1,1,1,?,?,?,?,?,?,?,?,?,?,?,?,?,?,?,?,?,?,?,?,?,?,?,?,?,?,?,?,?,?,?,?,?,?,?,?,?,?,?,?,?,?,?,?,?,?,1,0,0,0,1,1,0,0,0,0,0,0,2,1,1,0,0,-,1,1,0,-,0,-,1,1,2,0,2,1,0,1,1,1,2,1,0,1,-,1,1,0,0,1,1,1,1,1,0,0,-,0,1,1,0,1,0,0,1,0,2,1,0,0,0,1,2,0,1,1,0,0,0,1,0,0,0,0,-,0,0,0,0,1,0,0,0,0,1,0,1,1,2,0,0,0,0,1,0,2,0,1,0,0,0,-,0,1,0,1,1,-,0,0,0,-,1,1,0,0,0,1,1,0,1,1,0,1,-,1,0,0,0,1,0,-,0,1,0,0,2,0,0,1,-,-,0,0,1,1,-,1,1,0,-,1,0,1,0,0,1,0,1,0,0,0,1,0,0,1,2,0,-,0,0,1,0,1,1,0,0,2,0,1,-,0,0,0,0,0,-,1,0,2,1,2,0,1,1,0,1,1,1,0,0,0,0,0,1,0,1,1,0,1,0,0,2,1,1,0,1,1,0,1,0,0,0,1,0,0,0,0,0,0,0,1,0,0,0,0,1,0,1,0,0,1,1,0,0,0,0,1,1,0,0,0,0,0,0,0,1,1,1,0,0,0,0,0,0,1,0,1,2,0,0,0,0,0,2,1,1,1,1,1,1,2,1,1,0,1,1,0,0,0,0,0,0,3,-,0,1,0,1,1,0,0,0,0,0,1,0,1,1,-,0,1,0,0,0,0,1,1,1,1
Cales,0,1,0,0,0,0,0,0,-,0,0,0,0,1,0,-,1/2,0,?,-,-,-,1,0,0,1,1,0,0,-,-,1,1,1,-,-,-,-,-,-,0,1,1,1,1,1,0,2,2,1,-,-,0,0,3,0,0,0,?,1,1,0,?,?,0,0,1,-,1,0,0,0,0,0,0,0,-,0,0,0,0,0,0,0,1,0,-,0,0,-,2,0,0,0,1,-,2,1,0,1,-,0,0,0,0,-,-,1,0,-,0,1,0,0,1,-,0,0,-,-,-,-,0,1,1,1,0,0,2,0,0,0,0,1,2,1,1,0,0,1,0,1,0,0,0,0,0,0,0,-,0,1,-,-,-,0,1,0,1,1,2,0,1,0,0,-,0,2,0,0,1,0,0,-,0,1,1,0,0,0,0,0,1,0,1,0,1,0,1,0,0,-,1,1,1,0,-,1,0,0,-,-,0,-,-,1,-,-,2,0,-,1,-,-,0,0,1,0,-,1,0,-,-,-,-,-,-,0,1,0,1,0,-,-,1,1,0,1,1,-,0,0,0,1,0,1,1,0,0,-,-,-,-,0,0,0,1,0,0,0,0,0,1,1,-,-,-,0,-,0,-,-,0,0,-,-,0,0,-,-,-,-,-,-,-,-,-,-,-,-,-,-,-,-,-,-,-,-,-,-,-,-,-,-,-,-,-,-,-,-,-,-,-,-,-,-,-,-,-,-,-,-,-,-,-,-,-,-,-,-,-,-,-,-,-,-,-,-,-,-,-,1,0,1,1,1,2,1,1,1,1,1,1,2,1,1,0,1,1,1,1,0,0,0,1,?,-,0,-,0,-,-,0,0,0,0,0,1,0,1,1,1,0,1,0,0,0,0,1,1,1,1
Cephalcia,?,?,?,?,?,?,?,?,?,?,?,?,?,?,?,?,?,?,?,?,?,?,1,0,0,1,0,0,0,0,0,1,0,0,0,2,-,0,0,0,3,1,1,0,0,0,0,0,1,0,1,-,0,0,1,0,4,1,0,1,6,0,0,0,0,0,1,0,?,?,?,?,?,?,?,?,?,?,?,?,?,?,?,?,?,?,?,?,?,?,?,?,?,?,?,?,?,?,?,?,?,?,?,?,?,?,?,?,?,?,?,?,?,?,?,?,?,?,?,?,?,?,?,?,?,?,?,?,?,?,?,?,?,?,?,?,?,?,?,?,?,?,?,?,?,?,?,?,?,?,?,?,?,?,?,?,?,?,?,?,?,?,?,?,?,?,?,?,?,?,?,?,?,?,?,?,?,?,?,?,?,?,?,?,?,?,?,?,?,?,?,?,?,?,?,?,?,?,?,?,?,?,?,?,?,?,?,?,?,?,?,?,?,?,?,?,?,?,?,?,?,?,?,?,?,?,?,?,?,?,?,?,?,?,?,?,?,?,?,?,?,?,?,?,?,?,?,?,?,?,?,?,?,?,?,?,?,?,?,?,?,?,?,?,?,?,?,?,?,?,?,?,?,?,?,?,?,?,?,?,?,?,?,?,?,?,?,?,?,?,?,?,?,?,?,?,?,?,?,?,?,?,?,?,?,?,?,?,?,?,?,?,?,?,?,?,?,?,?,?,?,?,?,?,?,?,?,?,?,?,?,?,?,?,?,?,?,?,?,?,?,?,?,?,?,?,?,?,?,?,?,?,?,?,?,?,?,?,?,?,?,?,?,?,?,?,?,?,?,?,?,?,?,?,?,?,?,?,?,?,?,?,?,?,?,?,?,?,?,?,?,?
Cephalonomia,0,0,0,0,0,0,0,0,1,0,0,1,1,1,0,0,1,0,?,-,1,1,1,-,1,-,1,0,0,1,2,-,-,-,-,1,1,1,0,0,3,0,1,0,0,1,0,2,2,1,1,0,0,0,3,1,1,0,1,0,4,0,1,0,1,1,1,0,0,0,0,0,0,0,0,0,0,0,0,0,2,1,0,0,1,1,-,0,2,-,0,0,1,1,2,0,2,1,0,1,1,0,2,1,0,0,-,0,1,0,0,1,0,0,1,1,0,-,1,0,1,1,-,1,1,1,0,0,2,-,2,-,1,0,2,0,1,0,0,0,0,1,1,0,0,0,0,0,0,0,0,1,0,1,-,0,1,0,1,1,2,0,0,0,0,1,0,2,0,0,0,1,1,-,0,1,0,0,0,1,0,0,0,1,1,0,1,0,0,1,1,1,1,1,1,0,1,1,0,0,-,-,0,-,-,1,0,0,2,0,0,1,-,-,0,1,0,0,0,2,1,1,0,1,0,2,0,0,0,-,0,0,1,0,1,1,0,1,1,0,0,0,0,0,0,1,1,0,0,0,-,-,-,0,0,1,1,0,0,0,1,2,1,1,0,0,1,0,0,0,1,1,0,1,0,0,0,0,-,-,-,-,-,-,0,-,-,-,-,-,-,-,-,-,-,-,-,-,-,-,-,-,-,-,-,-,-,-,-,-,-,-,-,-,-,-,-,-,-,-,-,-,-,-,-,-,-,-,-,-,-,-,-,-,-,-,-,-,-,-,-,-,0,0,1,1,2,1,1,1,1,1,1,2,1,1,0,1,1,0,0,0,0,0,0,0,-,1,-,1,-,-,0,0,1,0,0,0,0,1,0,1,1,1,1,1,1,1,1,0,1,0
Cephus,0,0,0,1,1,0,0,0,1,0,1,0,0,1,0,1,0,1,0,1,0,1,1,0,0,0,1,0,0,0,2,0,0,0,0,1,1,0,0,0,3,1,1,0,0,3,0,1,1,0,0,0,0,0,2,0,4,2,0,0,6,0,0,0,0,0,1,0,1,-,0,0,0,0,0,0,0,0,0,0,1,0,0,0,1,0,0,0,0,-,0,0,0,1,2,0,2,0,0,1,0,0,2,0,0,1,0,0,0,1,0,1,0,0,1,0,0,0,1,0,1,0,0,1,0,0,0,0,0,0,0,1,0,0,0,0,0,0,0,0,0,1,-,0,0,0,0,0,0,0,0,0,1,0,1,1,1,0,0,0,1,0,0,0,0,0,1,1,0,0,1,0,0,-,0,0,0,0,0,0,1,0,0,0,1,0,0,1,0,1,1,1,0,0,0,0,1,1,0,0,1,0,1,1,0,0,1,0,0,0,1,0,0,0,0,0,1,0,0,0,0,0,1,0,1,0,0,0,1,0,0,-,1,0,1,0,0,0,0,1,0,0,1,1,1,0,0,0,0,0,-,-,1,0,-,0,0,0,0,-,0,1,0,1,-,-,-,0,0,0,-,-,0,0,0,0,0,0,0,0,1,0,0,0,0,-,0,0,1,1,1,1,0,0,0,0,1,1,1,1,0,1,0,1,0,1,1,-,1,1,0,0,1,0,1,1,1,1,0,1,1,1,1,1,1,0,0,1,0,1,1,1,1,0,0,1,0,0,1,1,0,0,0,0,0,0,2,1,0,0,0,0,1,1,0,1,0,1,1,1,0,0,0,0,0,0,-,0,1,0,1,1,0,0,0,0,0,0,0,1,0,1,0,0,0,0,0,0,0,?,0,0
Ceraphron,0,1,0,0,0,0,0,0,1,0,0,1,1,1,0,-,1,1,1,-,-,-,?,?,?,?,?,?,?,?,?,?,?,?,?,?,?,?,?,?,?,?,?,?,?,?,?,?,?,?,?,?,?,?,?,?,?,?,?,?,?,?,?,?,?,?,?,?,0,0,0,1,-,0,0,0,0,1,1,0,1,2,1,1,0,-,0,-,-,1,0,-,1,0,1,-,2,1,0,1,0,0,2,1,0,0,-,0,0,0,0,1,0,0,1,1,0,0,1,1,1,1,0,0,-,0,1,-,0,0,2,-,0,1,2,1,0,1,0,0,0,1,1,0,0,0,0,0,0,0,0,1,1,0,0,0,1,1,1,1,2,-,0,0,0,1,0,2,0,-,0,1,1,-,0,1,0,1,1,1,0,0,0,-,1,1,0,0,0,0,0,-,1,1,0,0,0,0,-,0,-,1,-,-,-,-,-,0,2,0,-,1,-,-,1,0,1,2,-,-,-,-,-,-,-,-,-,1,1,0,1,0,0,0,1,0,0,0,1,0,0,0,0,1,0,1,1,0,0,1,0,0,-,1,0,1,1,0,0,0,1,2,1,1,0,0,0,0,1,0,0,-,1,0,0,0,1,0,-,-,-,-,-,-,2,-,-,-,-,-,-,-,-,-,-,-,-,-,-,-,-,-,-,-,-,-,-,-,-,-,-,-,-,-,-,-,-,-,-,-,-,-,-,-,-,-,-,-,-,-,-,-,-,-,-,-,-,-,-,-,-,0,-,-,0,1,2,1,1,1,1,1,1,2,1,1,0,1,1,1,1,0,1,0,0,1,-,0,0,1,-,-,1,0,1,0,0,1,0,1,?,-,0,1,0,0,0,0,1,0/1,1,1
Chiloe,?,?,?,?,?,?,?,?,?,?,?,?,?,?,?,?,?,?,?,?,?,?,1,0,0,0,1,0,0,-,-,-,1,1,-,-,-,-,-,-,2,1,1,0,-,1,1,2,-,1,-,-,0,0,3,0,0,0,?,1,2,0,-,?,0,0,1,-,?,?,?,?,?,?,?,?,?,?,?,?,?,?,?,?,?,?,?,?,?,?,?,?,?,?,?,?,?,?,?,?,?,?,?,?,?,?,?,?,?,?,?,?,?,?,?,?,?,?,?,?,?,?,?,?,?,?,?,?,?,?,?,?,?,?,?,?,?,?,?,?,?,?,?,?,?,?,?,?,?,?,?,?,?,?,?,?,?,?,?,?,?,?,?,?,?,?,?,?,?,?,?,?,?,?,?,?,?,?,?,?,?,?,?,?,?,?,?,?,?,?,?,?,?,?,?,?,?,?,?,?,?,?,?,?,?,?,?,?,?,?,?,?,?,?,?,?,?,?,?,?,?,?,?,?,?,?,?,?,?,?,?,?,?,?,?,?,?,?,?,?,?,?,?,?,?,?,?,?,?,?,?,?,?,?,?,?,?,?,?,?,?,?,?,?,?,?,?,?,?,?,?,?,?,?,?,?,?,?,?,?,?,?,?,?,?,?,?,?,?,?,?,?,?,?,?,?,?,?,?,?,?,?,?,?,?,?,?,?,?,?,?,?,?,?,?,?,?,?,?,?,?,?,?,?,?,?,?,?,?,?,?,?,?,?,?,?,?,?,?,?,?,?,?,?,?,?,?,?,?,?,?,?,?,?,?,?,?,?,?,?,?,?,?,?,?,?,?,?,?,?,?,?,?,0,0,0,0,1,0,1,1,1,0,1,0,0,0,0,1,-,-,1
Chrysopa,0,0,0,1,0,0,0,0,0,0,1,0,0,1,0,0,2,0,?,0,0,0,?,?,?,?,?,?,?,?,?,?,?,?,?,?,?,?,?,?,?,?,?,?,?,?,?,?,?,?,?,?,?,?,?,?,?,?,?,?,?,?,?,?,?,?,?,?,-,0,0,-,-,0,0,0,0,0,0,0,0,0,0,0,0,-,0,-,-,-,0,0,0,0,0,-,0,0,0,0,-,0,0,0,0,1,1,1,0,0,0,1,0,0,0,0,0,-,-,0,0,0,-,1,0,0,1,0,0,0,0,-,0,0,0,0,0,0,0,0,0,1,-,0,0,0,0,0,0,0,0,0,1,0,-,1,1,1,0,0,0,0,0,0,0,0,0,1,0,0,1,1,1,-,0,0,1,0,0,0,0,0,0,2,1,0,0,0,0,0,0,-,0,0,0,0,0,1,0,0,0,0,1,1,0,0,0,2,0,0,1,0,0,1,0,1,1,0,0,0,0,0,1,1,0,1,0,0,1,0,0,-,0,0,0,0,0,1,0,1,0,0,0,0,0,1,0,0,0,1,1,0,1,0,0,0,1,0,0,1,0,0,0,1,-,-,-,1,0,0,-,-,0,0,0,0,0,0,-,-,-,-,-,-,-,-,-,-,-,-,-,-,-,-,-,-,-,-,-,-,-,-,-,-,-,-,-,-,-,-,-,-,-,-,-,-,-,-,-,-,-,-,-,-,-,-,-,-,-,-,-,-,-,-,-,-,-,-,-,-,-,?,?,?,?,?,?,?,?,?,?,?,?,?,?,?,?,?,?,?,?,?,?,?,?,?,?,?,?,?,?,?,?,?,?,?,?,?,?,?,?,?,?,?,?,?,?,?,?,?,?,?
Cirrospilus,0,1,0,1,1,0,0,0,-,0,0,0,0,1,0,-,1,0,?,-,-,-,1,0,0,0,1,0,0,-,-,1,1,1,0,-,-,-,0,-,2,1,1,0,1,1,0,2,1,1,1,0,0,0,3,0,1,0,0,1,1,0,?,?,0,0,1,0,1,-,0,0,0,0,0,0,0,-,-,0,0,0,0,0,1,0,0,0,2,-,2,0,0,0,1,-,2,1,0,1,0,0,1,0,0,-,-,1,0,-,0,1,0,0,1,1,0,0,-,0,0,0,0,1,0,1,0,0,2,-,0,0,-,1,2,1,1,1,0,1,0,1,0,0,0,0,0,0,0,0,0,1,-,0,0,0,-,-,-,1,2,0,1,0,0,1,0,-,0,0,1,0,0,-,0,1,1,0,1,0,0,0,1,0,1,0,1,0,1,1,1,0,1,1,1,0,-,1,0,0,0,-,1,0,0,1,-,-,2,0,0,1,-,-,0,0,1,0,0,0,0,0,0,1,0,1,0,0,0,-,1,0,1,0,1,0,0,1,1,-,0,0,0,1,0,1,1,0,0,-,-,-,-,0,0,0,1,0,0,0,0,2,1,1,1,0,0,0,1,1,1,0,0,-,1,0,-,-,-,-,-,-,-,-,0,-,-,-,-,-,-,-,-,-,-,-,-,-,-,-,-,-,-,-,-,-,-,-,-,-,-,-,-,-,-,-,-,-,-,-,-,-,-,-,-,-,-,-,-,-,-,-,-,-,-,-,-,-,-,-,-,1,0,1,1,1,2,1,1,1,1,1,1,2,1,1,0,1,1,1,1,0,1,0,0,0,-,0,-,0,-,-,0,0,0,0,0,1,0,1,1,1,0,1,0,0,0,0,1,0,1,1
Cleonymus,0,1,0,0,1,0,0,0,1,0,0,0,0,1,0,-,1,0,?,-,1,1,1,0,0,0,1,0,0,-,-,0,-,0,-,-,-,0,0,0,2,1,1,0,1,1,1,2,2,1,1,1,0,0,3,0,3,0,1,1,4,0,0,0,0,0,1,0,0,0,0,0,0,0,0,0,0,0,0,0,1,0,0,0,1,0,0,0,2,-,2,0,1,1,2,-,2,1,0,1,0,0,1,0,0,0,-,0,1,0,0,1,0,0,1,1,0,0,1,0,1,1,0,1,1,1,0,0,2,0,0,0,0,1,2,1,1,1,0,1,0,1,0,0,0,0,0,0,0,0,0,1,1,0,0,0,1,0,1,1,2,0,1,0,0,1,0,2,0,0,0,0,0,-,0,1,0,0,0,0,0,0,1,0,1,0,1,0,1,1,1,0,1,1,1,0,1,1,0,0,-,1,1,1,0,1,0,0,2,0,0,1,-,-,1,0,1,0,0,0,2,1,0,1,0,1,1,0,0,-,1,0,1,0,1,0,0,1,2,0,1,0,0,1,0,1,1,0,0,1,0,0,-,0,1,0,1,0,0,0,0,2,1,0,0,0,0,0,1,1,1,0,0,0,0,0,0,0,-,-,-,-,-,-,-,-,-,-,-,-,-,-,-,-,-,-,-,-,-,-,-,-,-,-,-,-,-,-,-,-,-,-,-,-,-,-,-,-,-,-,-,-,-,-,-,-,-,-,-,-,-,-,-,-,-,-,-,-,-,-,-,1,0,1,1,1,2,1,1,1,1,1,1,2,1,1,0,1,1,1,1,0,1,0,0,0,-,0,-,0,-,-,0,0,0,0,0,1,0,1,1,1,0,1,0,0,0,0,1,0,1,1
Coccobius,?,?,?,?,?,?,?,?,?,?,?,?,?,?,?,?,?,?,?,?,?,?,1,0,0,1,1,0,0,-,-,1,1,1,-,-,-,-,-,0,2,1,1,1,1,1,0,2,2,1,1,1,0,0,3,0,1,0,0,1,2,0,0,?,0,0,1,0,?,?,?,?,?,?,?,?,?,?,?,?,?,?,?,?,?,?,?,?,?,?,?,?,?,?,?,?,?,?,?,?,?,?,?,?,?,?,?,?,?,?,?,?,?,?,?,?,?,?,?,?,?,?,?,?,?,?,?,?,?,?,?,?,?,?,?,?,?,?,?,?,?,?,?,?,?,?,?,?,?,?,?,?,?,?,?,?,?,?,?,?,?,?,?,?,?,?,?,?,?,?,?,?,?,?,?,?,?,?,?,?,?,?,?,?,?,?,?,?,?,?,?,?,?,?,?,?,?,?,?,?,?,?,?,?,?,?,?,?,?,?,?,?,?,?,?,?,?,?,?,?,?,?,?,?,?,?,?,?,?,?,?,?,?,?,?,?,?,?,?,?,?,?,?,?,?,?,?,?,?,?,?,?,?,?,?,?,?,?,?,?,?,?,?,?,?,?,?,?,?,?,?,?,?,?,?,?,?,?,?,?,?,?,?,?,?,?,?,?,?,?,?,?,?,?,?,?,?,?,?,?,?,?,?,?,?,?,?,?,?,?,?,?,?,?,?,?,?,?,?,?,?,?,?,?,?,?,?,?,?,?,?,?,?,?,?,?,?,?,?,?,?,1,0,1,1,1,2,1,1,1,1,1,1,2,1,1,0,1,1,1,1,0,-,0,0,0,-,-,-,-,-,-,-,0,0,0,0,1,0,1,1,1,0,1,0,0,0,0,1,0,1,1
Coccophagus,0,1,0,0,0,0,0,0,-,0,0,0,1,1,0,-,1,0,?,-,-,-,1,1,0,1,1,0,0,0,-,1,1,1,-,1,1,1,0,0,2,1,1,1,1,1,0,2,2,1,1,0,0,0,3,0,1,0,0,1,2,0,0,?,0,0,1,0,1,-,0,0,0,0,0,0,0,0,0,0,0,0,0,0,1,0,-,0,-,-,2,0,0,0,2,0,2,1,0,1,0,0,0,0,0,0,-,1,0,0,0,-,1,0,1,1,0,0,1,0,1,1,0,1,0,1,0,0,2,0,0,0,0,1,2,1,1,1,0,1,0,1,0,0,0,0,0,0,0,0,0,1,0,0,0,0,1,0,0,0,0,0,1,0,-,-,0,2,0,2,1,0,0,-,0,1,1,0,0,0,0,0,1,0,1,0,1,0,0,1,0,-,1,1,1,0,1,1,0,0,-,-,1,0,0,1,0,-,2,0,0,1,-,-,0,0,1,0,0,0,0,0,1,1,0,0,1,0,0,-,1,0,0,0,0,1,0,1,2,-,0,0,0,1,0,1,1,0,0,1,0,-,-,0,0,0,1,0,0,0,0,2,1,1,0,0,0,0,0,0,0,-,0,0,1,0,1,0,-,-,-,-,-,-,-,-,-,-,-,-,-,-,-,-,-,-,-,-,-,-,-,-,-,-,-,-,-,-,-,-,-,-,-,-,-,-,-,-,-,-,-,-,-,-,-,-,-,-,-,-,-,-,-,-,-,-,-,-,-,-,-,1,0,1,1,1,2,1,1,1,1,1,1,2,1,1,0,1,1,1,1,0,1,0,0,0,-,0,-,0,-,-,0,0,0,0,0,1,0,1,1,1,0,1,0,0,0,0,1,1,1,1
Corynis,?,?,?,?,?,?,?,?,?,?,?,?,?,?,?,?,?,?,?,?,?,?,1,0,0,0,0,0,0,-,0,-,-,-,0,1,-,0,0,0,-,-,-,0,-,-,-,0,-,-,-,-,-,-,1,0,4,-,-,0,-,0,-,-,-,-,1,-,?,?,?,?,?,?,?,?,?,?,?,?,?,?,?,?,?,?,?,?,?,?,?,?,?,?,?,?,?,?,?,?,?,?,?,?,?,?,?,?,?,?,?,?,?,?,?,?,?,?,?,?,?,?,?,?,?,?,?,?,?,?,?,?,?,?,?,?,?,?,?,?,?,?,?,?,?,?,?,?,?,?,?,?,?,?,?,?,?,?,?,?,?,?,?,?,?,?,?,?,?,?,?,?,?,?,?,?,?,?,?,?,?,?,?,?,?,?,?,?,?,?,?,?,?,?,?,?,?,?,?,?,?,?,?,?,?,?,?,?,?,?,?,?,?,?,?,?,?,?,?,?,?,?,?,?,?,?,?,?,?,?,?,?,?,?,?,?,?,?,?,?,?,?,?,?,?,?,?,?,?,?,?,?,?,?,?,?,?,?,?,?,?,?,?,?,?,?,?,?,?,?,?,?,?,?,?,?,?,?,?,?,?,?,?,?,?,?,?,?,?,?,?,?,?,?,?,?,?,?,?,?,?,?,?,?,?,?,?,?,?,?,?,?,?,?,?,?,?,?,?,?,?,?,?,?,?,?,?,?,?,?,?,?,?,?,?,?,?,?,?,?,?,?,?,?,?,?,?,?,?,?,?,?,?,?,?,?,?,?,?,?,?,?,?,?,?,?,?,?,?,?,?,?,?,?,?,?,?,?,?,?,?,?,?,?,?,?,?,?,0,?,0,0
Decameria,?,?,?,?,?,?,?,?,?,?,?,?,?,?,?,?,?,?,?,?,?,?,1,0,0,0,0,0,0,-,0,-,-,-,0,1,-,0,0,0,-,-,-,0,-,-,-,0,-,-,-,-,-,-,1,0,4,0,-,0,-,0,-,-,-,-,1,-,?,?,?,?,?,?,?,?,?,?,?,?,?,?,?,?,?,?,?,?,?,?,?,?,?,?,?,?,?,?,?,?,?,?,?,?,?,?,?,?,?,?,?,?,?,?,?,?,?,?,?,?,?,?,?,?,?,?,?,?,?,?,?,?,?,?,?,?,?,?,?,?,?,?,?,?,?,?,?,?,?,?,?,?,?,?,?,?,?,?,?,?,?,?,?,?,?,?,?,?,?,?,?,?,?,?,?,?,?,?,?,?,?,?,?,?,?,?,?,?,?,?,?,?,?,?,?,?,?,?,?,?,?,?,?,?,?,?,?,?,?,?,?,?,?,?,?,?,?,?,?,?,?,?,?,?,?,?,?,?,?,?,?,?,?,?,?,?,?,?,?,?,?,?,?,?,?,?,?,?,?,?,?,?,?,?,?,?,?,?,?,?,?,?,?,?,?,?,?,?,?,?,?,?,?,?,?,?,?,?,?,?,?,?,?,?,?,?,?,?,?,?,?,?,?,?,?,?,?,?,?,?,?,?,?,?,?,?,?,?,?,?,?,?,?,?,?,?,?,?,?,?,?,?,?,?,?,?,?,?,?,?,?,?,?,?,?,?,?,?,?,?,?,?,?,?,?,?,?,?,?,?,?,?,?,?,?,?,?,?,?,?,?,?,?,?,?,?,?,?,?,?,?,?,?,?,?,?,?,?,?,?,?,?,?,?,?,?,?,?,-,?,0,-
Derecyrta,?,?,?,?,?,?,?,?,?,?,?,?,?,?,?,?,?,?,?,?,?,?,?,?,?,?,?,?,?,?,?,?,?,?,?,?,?,?,?,?,?,?,?,?,?,?,?,?,?,?,?,?,?,?,?,?,?,?,?,?,?,?,?,?,?,?,?,?,?,?,?,?,?,?,?,?,?,?,?,?,?,?,?,?,?,?,?,?,?,?,?,?,?,?,?,?,?,?,?,?,?,?,?,?,?,?,?,?,?,?,?,?,?,?,?,?,?,?,?,?,?,?,?,?,?,?,?,?,?,?,?,?,?,?,?,?,?,?,?,?,?,?,?,?,?,?,?,?,?,?,?,?,?,?,?,?,?,?,?,?,?,?,?,?,?,?,?,?,?,?,?,?,?,?,?,?,?,?,?,?,?,?,?,?,?,?,?,?,?,?,?,?,?,?,?,?,?,?,?,?,?,?,?,?,?,?,?,?,?,?,?,?,?,?,?,?,?,?,?,?,?,?,?,?,?,?,?,?,?,?,?,?,?,?,?,?,?,?,?,?,?,?,?,?,?,?,?,?,?,?,?,?,?,?,?,?,?,?,?,?,?,?,?,?,?,?,?,?,?,?,?,?,?,?,?,?,?,?,?,?,?,?,?,?,?,?,?,?,?,?,?,?,?,?,?,?,?,?,?,?,?,?,?,?,?,?,?,?,?,?,?,?,?,?,?,?,?,?,?,?,?,?,?,?,?,?,?,?,?,?,?,?,?,?,?,?,?,?,?,?,?,?,?,?,?,?,?,?,?,?,?,?,?,?,?,?,?,?,?,?,?,?,?,?,?,?,?,?,?,?,?,?,?,?,?,?,?,?,?,?,?,?,?,?,?,?,?,?,-,?,0,1
Dinapsis,0,0,0,0,0,0,0,1,1,0,0,0,-,1,-,-,1,1,0,-,-,-,?,?,?,?,?,?,?,?,?,?,?,?,?,?,?,?,?,?,?,?,?,?,?,?,?,?,?,?,?,?,?,?,?,?,?,?,?,?,?,?,?,?,?,?,?,?,1,0,0,1,-,0,0,1,0,0,1,1,1,2,1,1,0,-,0,-,-,-,0,-,1,1,2,0,2,1,0,1,0,0,2,1,1,0,-,1,0,0,0,1,0,2,1,1,0,0,1,0,1,1,0,1,0,0,1,0,0,1,2,-,1,1,2,1,0,1,0,0,0,1,0,0,0,0,0,0,0,0,0,1,1,-,0,0,1,0,1,1,2,0,0,0,0,1,0,2,0,0,0,1,1,-,0,1,1,0,1,1,0,0,0,-,1,1,0,0,0,1,1,0,1,1,0,0,1,1,0,0,0,1,1,0,0,1,0,0,2,0,0,1,-,-,1,1,1,1,-,1,0,0,-,1,0,0,0,0,1,0,0,-,0,0,1,0,0,1,1,0,0,0,0,1,0,1,1,0,0,2,0,-,-,0,0,1,0,0,0,0,0,2,0,1,-,-,1,0,0,0,1,0,0,0,0,0,0,1,-,-,-,-,-,-,-,-,-,-,-,-,-,-,-,-,-,-,-,-,-,-,-,-,-,-,-,-,-,-,-,-,-,-,-,-,-,-,-,-,-,-,-,-,-,-,-,-,-,-,-,-,-,-,-,-,-,-,-,-,-,-,-,?,?,?,?,?,?,?,?,?,?,?,?,?,?,?,?,?,?,?,?,?,?,?,?,?,?,?,?,?,?,?,?,?,?,?,?,?,?,?,?,?,?,?,?,?,?,?,?,?,?,?
Diplolepis,0,0,0,1,1,0,0,0,1,0,0,0,0,1,0,0,1,0,?,0,1,1,1,0,0,0,1,0,0,-,-,1,0,0,0,-,-,-,0,0,-,-,1,0,-,1,0,2,1,1,1,1,0,0,3,0,2,0,1,0,5,0,1,0,1,1,1,1,1,-,0,1,-,0,0,0,0,0,0,1,0,0,1,0,0,-,1,1,0,0,0,-,1,1,2,0,2,1,0,1,0,1,2,0,0,0,-,0,0,0,0,1,1,1,1,1,1,0,1,0,1,1,0,0,-,-,1,-,2,1,0,0,1,1,2,1,1,1,0,0,0,1,0,0,0,0,0,0,0,0,0,1,1,0,0,0,1,1,1,1,2,0,0,0,0,1,0,2,0,2,0,0,0,-,1,1,0,1,1,1,0,0,0,2,0,-,0,0,0,1,1,1,1,1,1,0,1,1,1,0,0,0,1,0,1,1,0,0,2,0,0,1,-,-,0,0,1,0,0,0,0,1,0,1,0,0,0,0,0,-,1,0,0,0,1,0,0,1,1,0,0,0,0,1,0,1,1,2,1,2,0,0,0,0,0,0,1,1,0,0,0,2,1,0,0,0,0,0,1,0,1,0,1,0,0,0,1,0,0,1,0,0,0,0,2,0,1,0,1,1,0,0,0,0,0,1,0,1,0,0,0,0,0,1,0,0,0,0,1,0,1,0,0,0,1,0,0,0,0,1,0,1,1,0,0,1,0,0,0,1,1,-,-,0,0,0,0,0,0,0,0,0,0,1,1,1,2,1,1,1,1,1,1,2,1,1,1,1,1,1,0,1,0,0,0,0,-,0,-,0,-,-,0,0,0,0,0,1,0,1,1,-,0,1,0,0,0,0,1,1,0,1
Doryctes,0,0,0,1,1,1,0,0,1,0,0,0,0,1,1,0,2,1,1,1,1,1,1,5,0,0,1,0,0,-,-,0,0,0,-,-,-,-,-,-,1,1,1,0,-,2,0,-,-,-,-,-,-,-,-,-,4,0,-,-,-,0,-,-,-,-,1,0,0,0,0,0,0,0,0,0,0,0,0,0,2,1,1,0,0,-,-,-,-,0,1,1,1,1,2,0,2,1,0,1,0,0,2,1,1,1,0,0,1,0,0,1,1,0,1,1,0,0,1,0,1,1,0,1,0,0,1,0,2,0,0,1,0,1,2,0,1,1,1,0,0,1,0,0,0,0,0,0,0,1,0,1,1,0,1,0,1,0,0,1,2,0,0,0,0,0,0,2,0,2,0,1,1,1,0,1,1,1,1,0,0,0,0,-,1,0,0,0,0,1,1,1,1,1,1,0,1,1,0,0,-,1,1,1,0,1,0,0,2,0,0,1,-,-,1,1,1,1,0,1,2,0,-,1,0,1,0,0,0,-,1,0,0,0,1,0,0,1,1,0,0,0,0,1,0,1,1,1,1,2,0,1,-,0,1,1,1,0,0,1,0,2,0,1,-,-,1,0,0,0,1,1,0,0,0,1,0,1,-,0,0,1,0,0,2,0,0,0,1,0,0,0,1,0,1,1,1,0,0,0,0,0,0,1,0,0,0,0,1,0,1,1,0,0,1,0,0,0,0,0,-,0,0,0,0,0,0,1,0,0,1,-,-,0,1,0,0,0,0,1,0,2,1,0,0,0,2,1,1,1,1,0/1,1,2,1,1,0,1,1,0,0,0,0,0,0,0,-,0,-,0,-,-,1,1,0,1,1,0,1,1,?,1,0,1,0,0,1,0,1,0,1,0
Dusona,0,1,0,1,1,0,0,0,1,0,0,0,0,1,1,0,2,1,0,1,1,1,1,-,-,1,1,0,0,-,-,-,-,-,-,-,-,-,0,0,2,1,1,0,-,2,0,2,1,1,1,0,0,0,3,1,4,0,1,1,6,0,1,0,1,0,1,0,0,0,0,1,-,0,0,0,0,0,1,0,0,0,1,0,0,-,0,-,-,0,1,1,1,1,2,0,2,1,0,1,0,1,2,1,1,0,-,1,1,0,0,1,1,0,1,1,0,0,1,0,1,1,0,1,1,0,1,0,2,0,2,-,0,1,0,0,1,1,0,0,0,1,-,0,0,0,0,0,0,0,0,1,1,0,1,0,1,0,1,1,2,0,0,0,0,0,0,2,0,2,0,0,0,-,0,1,1,1,1,0,0,0,1,0,1,0,0,0,0,1,1,1,1,1,1,0,1,1,0,0,0,1,1,0,0,1,0,0,2,0,0,1,-,-,1,1,1,0,0,1,1,1,1,1,0,1,0,0,1,0,1,1,1,0,1,0,0,1,2,0,0,0,0,1,0,1,1,2,1,2,0,0,-,0,0,1,0,0,0,0,0,2,1,0,1,0,1,0,1,1,1,1,0,0,0,0,0,1,-,-,-,-,-,-,2,-,-,-,-,-,-,-,-,-,-,-,-,-,-,-,-,-,-,-,-,-,-,-,-,-,-,-,-,-,-,-,-,-,-,-,-,-,-,-,-,-,-,-,-,-,-,-,-,-,-,-,-,-,-,-,-,0,1,0,0,0,2,1,1,1,0/1,0,1,2,1,1,0,1,1,0,0,0,0,0,0,1,-,0,-,0,-,-,1,1,0,1,1,0,1,1,?,1,0,1,0,0,1,0,1,1,1,0
Eurytoma,0,1,0,0,1,0,2,0,1,0,0,0,0,1,0,0,1,1,0,0,1,1,1,-,-,-,1,0,0,-,-,-,-,-,-,-,-,-,-,-,3,1,1,0,-,1,0,2,1,1,1,-,0,0,3,0,3,0,-,1,4,0,-,0,-,0,1,-,0,0,0,0,0,1,0,0,0,0,0,0,1,1,0,0,1,0,0,0,2,-,2,0,1,1,2,0,2,1,0,1,-,0,1,0,0,0,-,0,0,0,0,1,1,0,1,1,1,0,1,0,1,1,0,1,0,1,0,0,2,0,0,0,0,1,2,1,1,1,0,1,0,1,0,0,0,0,0,0,0,0,0,1,1,0,0,0,1,0,1,1,2,0,1,0,0,1,0,2,0,0,0,0,0,-,0,1,0,1,1,0,0,0,1,2,1,0,1,0,1,1,1,0,1,1,1,0,1,1,1,0,-,1,1,0,1,1,0,0,2,0,0,1,-,-,0,0,1,0,0,1,1,1,0,1,0,0,1,0,0,-,1,0,1,1,1,1,0,1,2,0,0,0,0,1,0,1,1,2,0,1,0,0,-,0,0,1,0,0,0,0,0,2,1,0,0,0,0,0,1,1,1,0,1,0,0,0,1,1,-,-,-,-,-,-,-,-,-,-,-,-,-,-,-,-,-,-,-,-,-,-,-,-,-,-,-,-,-,-,-,-,-,-,-,-,-,-,-,-,-,-,-,-,-,-,-,-,-,-,-,-,-,-,-,-,-,-,-,-,-,-,-,1,0,1,1,1,2,1,1,1,1,1,1,2,1,1,0,1,1,1,1,0,1,0,0,0,-,0,-,0,-,-,1,0,0,0,0,1,0,1,1,1,0,1,0,0,0,0,1,?,0,1
Evania,0,1,0,1,1,1,0,0,1,0,0,0,0,1,0,0,2,1,0,1,1,1,1,5,0,1,1,0,0,0,1,0,0,0,0,1,1,1,1,2,3,0,1,0,0,1,0,2,1,0,1,1,0,0,4,1,4,0,1,0,6,0,1,0,1,0,1,0,0,0,0,0,1,0,0,0,0,0,0,0,2,1,1,0,0,-,1,1,0,-,0,-,1,1,2,0,2,1,0,1,0,1,2,1,0,1,0,1,1,0,0,1,1,1,1,1,1,0,1,0,1,1,0,1,0,0,1,0,2,1,0,0,1,1,2,0,1,1,0,0,0,1,0,0,0,0,0,0,0,0,0,1,1,0,1,0,1,0,1,1,2,0,0,0,0,1,0,0,0,1,0,0,0,-,0,1,1,1,1,1,0,0,0,-,1,1,0,0,0,1,1,0,1,1,0,1,1,1,0,0,0,1,1,0,0,1,0,0,2,0,0,1,-,-,0,1,1,1,-,2,0,0,-,1,1,1,0,0,1,1,1,0,0,0,1,0,0,1,2,0,0,0,0,1,0,1,1,0,0,2,0,1,-,0,0,0,0,0,0,1,0,2,1,2,0,1,1,0,1,1,1,0,0,0,0,0,1,0,1,1,0,0,0,0,2,1,1,0,0,1,0,-,0,0,0,1,0,0,0,0,0,0,0,1,1,0,0,0,1,0,1,0,0,1,1,0,0,0,0,1,1,0,0,0,0,0,0,0,1,1,1,0,0,0,0,0,0,1,0,1,2,0,0,0,0,0,2,1,1,1,1,1,1,2,1,1,0,1,1,0,0,0,0,0,0,3,-,0,1,0,1,1,0,0,0,0,0,1,0,1,1,-,0,1,0,0,0,0,1,1,1,1
Evaniella,0,1,0,1,1,0,0,0,1,0,0,0,0,1,0,0,1,1,0,1,1,1,?,?,?,?,?,?,?,?,?,?,?,?,?,?,?,?,?,?,?,?,?,?,?,?,?,?,?,?,?,?,?,?,?,?,?,?,?,?,?,?,?,?,?,?,?,?,1,0,0,0,1,1,0,0,0,0,0,0,2,1,1,0,0,-,1,1,0,-,0,-,1,1,2,0,2,1,0,1,1,1,2,1,0,1,0,1,1,0,0,1,1,1,1,1,1,-,1,0,1,1,-,1,0,0,1,0,2,1,0,0,0,1,2,0,1,1,0,0,0,1,0,0,0,0,0,0,0,0,0,1,1,0,1,0,1,0,1,1,2,0,0,0,0,1,0,0,1,1,0,0,0,-,0,1,1,1,1,0,0,0,0,-,1,1,0,0,0,1,1,0,1,1,0,1,1,1,0,0,0,1,0,-,0,1,0,0,2,0,0,1,-,-,0,1,1,1,-,2,0,0,-,1,1,1,0,0,1,0,1,0,0,0,1,0,0,1,2,0,0,0,0,1,0,1,1,0,0,2,0,1,-,0,0,0,0,0,0,1,0,2,1,2,0,1,1,0,1,1,1,0,0,0,0,0,1,0,1,1,0,1,0,0,2,1,1,0,1,1,0,1,0,0,0,1,0,0,0,0,0,0,0,1,0,0,0,0,1,0,1,0,0,1,1,0,0,0,0,1,1,0,0,0,0,0,0,0,1,1,1,0,0,0,0,0,0,1,0,1,2,0,0,0,0,0,2,1,1,1,1,1,1,2,1,1,0,1,1,0,0,0,0,0,0,3,-,0,1,0,1,1,0,0,0,0,0,1,0,1,1,-,0,1,0,0,1,0,1,1,1,1
Foersterella,?,?,?,?,?,?,?,?,?,?,?,?,?,?,?,?,?,?,?,?,?,?,1,0,0,0,1,0,0,1,-,1,1,1,-,1,-,-,0,0,2,1,1,0,1,1,0,2,2,1,1,0,0,0,3,0,1,0,0,1,2,0,0,?,0,0,1,0,?,?,?,?,?,?,?,?,?,?,?,?,?,?,?,?,?,?,?,?,?,?,?,?,?,?,?,?,?,?,?,?,?,?,?,?,?,?,?,?,?,?,?,?,?,?,?,?,?,?,?,?,?,?,?,?,?,?,?,?,?,?,?,?,?,?,?,?,?,?,?,?,?,?,?,?,?,?,?,?,?,?,?,?,?,?,?,?,?,?,?,?,?,?,?,?,?,?,?,?,?,?,?,?,?,?,?,?,?,?,?,?,?,?,?,?,?,?,?,?,?,?,?,?,?,?,?,?,?,?,?,?,?,?,?,?,?,?,?,?,?,?,?,?,?,?,?,?,?,?,?,?,?,?,?,?,?,?,?,?,?,?,?,?,?,?,?,?,?,?,?,?,?,?,?,?,?,?,?,?,?,?,?,?,?,?,?,?,?,?,?,?,?,?,?,?,?,?,?,?,?,?,?,?,?,?,?,?,?,?,?,?,?,?,?,?,?,?,?,?,?,?,?,?,?,?,?,?,?,?,?,?,?,?,?,?,?,?,?,?,?,?,?,?,?,?,?,?,?,?,?,?,?,?,?,?,?,?,?,?,?,?,?,?,?,?,?,?,?,?,?,?,?,?,?,?,?,?,?,?,?,?,?,?,?,?,?,?,?,?,?,?,?,?,?,?,?,?,?,?,?,?,?,?,?,0,0,0,0,1,0,1,1,1,0,1,0,0,0,0,1,1,1,1
Gasteruption,0,0,0,1,1,0,0,0,1,0,0,0,0,1,0,0,1,1,2,1,1,1,1,2,0,0,1,0,0,2,2,0,0,0,0,1,1,1,0,2,3,1,1,0,0,1,0,2,1,1,1,1,0,0,3,1,4,0,1,0,6,0,1,0,1,2,1,0,1,0,0,1,-,0,0,0,0,0,1,0,2,1,1,0,0,-,0,-,-,-,0,0,1,1,2,-,2,1,1,1,1,0,2,0,0,1,0,1,0,1,0,1,1,1,1,0,0,0,1,0,1,1,0,0,-,-,1,-,2,1,0,2,1,1,2,1,1,1,0,0,0,1,0,0,0,1,0,0,0,0,0,1,1,0,0,1,1,0,1,1,2,1,0,0,0,0,0,2,0,1,0,0,0,-,0,1,1,1,1,1,0,0,0,0,1,1,0,0,0,1,1,1,1,1,0,0,1,1,0,0,0,1,1,0,0,1,0,0,2,0,0,1,-,-,0,1,1,0,0,1,1,0,0,1,0,2,0,0,1,0,1,1,0,0,1,0,0,1,2,0,0,0,0,1,0,1,1,0,0,2,1,1,-,-,1,0,0,0,0,1,0,2,1,3,1,0,0,0,1,1,0,-,0,0,0,0,0,0,-,-,-,-,-,-,-,-,-,-,-,-,-,-,-,-,-,-,-,-,-,-,-,-,-,-,-,-,-,-,-,-,-,-,-,-,-,-,-,-,-,-,-,-,-,-,-,-,-,-,-,-,-,-,-,-,-,-,-,-,-,-,-,0,0,0,0,0,2,1,1,1,1,1,1,2,1,1,0,1,1,0,0,0,0,0,0,0,-,0,1,0,1,1,0,0,1,0,0,1,0,1,?,-,0,1,0,0,0,0,0,1,-,0
Gonatocerus,0,0,0,1,0,0,0,0,1,0,0,0,0,1,0,-,1,0,?,-,-,-,1,0,0,1,1,0,0,0,2,1,1,1,0,1,1,-,0,2,3,1,1,0,1,1,1,2,2,1,1,0,0,0,3,0,1,0,0,1,1,0,?,?,0,0,1,0,1,-,0,0,0,0,0,0,0,0,0,0,0,2,0,0,1,0,-,0,1,-,2,0,0,1,2,0,2,1,0,1,0,0,1,0,0,0,-,1,0,0,0,1,0,0,1,1,0,0,1,0,1,1,0,1,0,1,0,0,2,0,0,0,0,1,2,1,1,1,0,1,0,1,0,0,1,0,0,0,0,0,0,1,1,0,0,0,1,0,1,1,2,0,1,0,0,-,0,2,0,0,0,0,0,-,0,1,0,1,1,-,0,0,1,1,1,0,1,0,1,0,0,-,1,1,1,0,1,1,0,0,0,1,1,0,0,0,0,-,2,0,0,1,-,-,1,1,1,0,0,0,1,1,0,1,0,0,0,0,0,-,1,0,1,1,1,1,0,1,2,-,0,0,0,1,0,1,1,2,0,-,-,-,-,0,0,1,1,0,0,0,0,2,1,1,0,0,0,0,1,1,1,0,0,0,0,0,0,0,0,1,0,0,0,0,0,-,1,0,0,0,0,0,0,0,0,-,0,0,0,1,1,0,0,1,1,0,0,1,0,0,1,1,0,0,0,-,0,0,0,0,-,0,0,0,0,1,0,0,0,0,0,-,-,0,0,0,0,0,0,1,0,1,0,1,1,1,2,1,1,1,1,1,1,2,1,1,0,1,1,1,1,0,1,0,0,0,-,0,-,0,-,-,-,0,0,0,0,1,0,1,1,1,0,1,0,0,0,0,1,1,1,1
Hartigia,?,?,?,?,?,?,?,?,?,?,?,?,?,?,?,?,?,?,?,?,?,?,1,0,0,0,1,0,0,0,2,0,0,0,0,1,-,0,0,0,3,1,1,0,0,3,0,1,1,0,0,0,0,0,2,0,4,2,0,0,6,0,0,0,0,0,1,0,?,?,?,?,?,?,?,?,?,?,?,?,?,?,?,?,?,?,?,?,?,?,?,?,?,?,?,?,?,?,?,?,?,?,?,?,?,?,?,?,?,?,?,?,?,?,?,?,?,?,?,?,?,?,?,?,?,?,?,?,?,?,?,?,?,?,?,?,?,?,?,?,?,?,?,?,?,?,?,?,?,?,?,?,?,?,?,?,?,?,?,?,?,?,?,?,?,?,?,?,?,?,?,?,?,?,?,?,?,?,?,?,?,?,?,?,?,?,?,?,?,?,?,?,?,?,?,?,?,?,?,?,?,?,?,?,?,?,?,?,?,?,?,?,?,?,?,?,?,?,?,?,?,?,?,?,?,?,?,?,?,?,?,?,?,?,?,?,?,?,?,?,?,?,?,?,?,?,?,?,?,?,?,?,?,?,?,?,?,?,?,?,?,?,?,?,?,?,?,?,?,?,?,?,?,?,?,?,?,?,?,?,?,?,?,?,?,?,?,?,?,?,?,?,?,?,?,?,?,?,?,?,?,?,?,?,?,?,?,?,?,?,?,?,?,?,?,?,?,?,?,?,?,?,?,?,?,?,?,?,?,?,?,?,?,?,?,?,?,?,?,?,?,?,?,?,?,?,?,?,?,?,?,?,?,?,?,?,?,?,?,?,?,?,?,?,?,?,?,?,?,?,?,?,?,?,?,?,?,?,?,?,?,?,?,?,?,?,?,?,-,?,0,-
Helorus,0,1,0,1,1,0,1,0,1,0,0,0,0,1,1,0,2,1,0,1,1,-,1,3,0,-,1,0,0,1,2,0,0,0,0,1,-,-,0,2,3,0,1,0,-,1,0,2,1,1,1,1,0,0,3,0,3,0,0,1,5,0,1,0,1,1,1,0,0,0,0,0,1,0,0,0,1,0,0,1,1,0,1,1,0,-,1,1,0,0,0,-,1,1,2,0,2,1,0,1,0,1,2,1,0,1,0,0,1,0,0,1,1,0,1,1,0,0,1,0,1,1,0,1,0,0,1,1,2,0,0,0,1,1,2,0,1,1,1,0,0,1,1,0,0,0,0,1,0,1,0,1,0,0,0,0,1,1,1,1,2,0,0,0,0,1,0,2,0,2,0,0,0,-,0,1,0,1,1,1,0,0,1,1,1,0,0,0,0,1,1,1,1,1,1,0,0,1,0,0,0,1,1,1,0,1,0,0,2,0,0,1,-,-,0,0,1,0,0,1,1,0,1,1,0,1,0,0,1,0,1,0,0,0,1,0,0,1,2,0,0,0,0,1,0,1,1,2,1,2,0,0,0,0,0,1,0,1,0,0,0,2,1,1,0,0,1,0,1,1,1,0,1,0,0,0,0,0,1,2,0,0,0,0,2,0,1,0,1,0,0,0,1,0,0,1,0,0,0,0,0,1,0,1,1,0,0,0,1,0,1,1,0,0,1,0,0,0,0,1,0,0,0,0,0,1,0,0,0,0,1,-,-,0,0,0,0,0,0,1,0,0,0,1,0,0,2,1,1,1,1,1,1,2,1,1,1,0,1,1,0,1,0,0,0,0,-,0,1,0,1,1,0,0,0,0,0,1,0,1,?,-,0,1,0,0,0,0,1,1,1,1
Heteroperreyia,0,0,0,1,0,0,2,0,1,0,1,0,0,0,?,0,?,0,?,1,0,0,1,0,0,0,0,0,0,-,0,0,0,0,0,1,-,0,0,0,3,1,1,0,0,0,1,5,0,0,0,-,0,0,1,0,3,0,0,0,5,0,0,0,0,0,1,0,1,-,0,1,-,0,0,0,0,0,0,1,0,0,1,0,0,-,0,-,-,-,0,0,0,0,2,0,2,0,0,1,0,0,0,0,0,0,-,0,0,0,0,1,1,0,1,0,0,0,0,1,0,0,0,1,0,0,0,0,0,0,0,1,0,0,0,0,0,0,0,0,0,1,-,0,0,0,0,0,0,0,0,0,0,0,1,1,1,0,0,0,0,0,0,0,0,0,0,0,0,0,1,1,1,-,0,1,1,0,0,0,1,0,0,0,1,0,-,0,0,0,0,-,1,0,0,0,1,1,0,1,1,0,1,1,0,0,1,0,0,0,1,1,0,-,0,0,1,0,0,0,0,0,0,1,0,0,0,0,1,0,0,-,0,0,1,0,0,1,1,0,0,0,0,1,1,1,1,0,0,1,1,0,0,0,0,0,0,0,1,0,0,0,0,1,-,-,-,0,0,0,-,-,0,0,0,0,0,0,-,-,-,-,-,-,2,-,-,-,-,-,-,-,-,-,-,-,-,-,-,-,-,-,-,-,-,-,-,-,-,-,-,-,-,-,-,-,-,-,-,-,-,-,-,-,-,-,-,-,-,-,-,-,-,-,-,-,-,-,-,-,-,?,?,?,?,?,?,?,?,?,?,?,?,?,?,?,?,?,?,?,?,?,?,?,?,?,?,?,?,?,?,?,?,0,0,0,0,0,0,1,0,1,0,0,0,0,0,0,-,?,0,-
Ibalia,0,1,0,1,1,0,0,0,1,0,0,0,0,1,0,0,2,1,0,1,1,1,1,5,0,1,1,0,0,-,2,1,1,1,0,-,-,-,-,2,3,0,1,0,1,1,0,2,-,-,-,-,0,0,3,0,3,0,0,-,5,0,1,0,0,0,1,1,0,0,1,0,1,1,0,0,0,0,0,1,1,0,1,0,0,-,1,1,0,0,0,-,1,1,2,0,2,1,0,1,-,1,2,0,0,0,-,0,0,0,0,0,1,1,1,1,1,0,1,0,1,1,0,1,0,0,1,0,1,1,1,0,1,1,2,1,1,1,0,0,1,1,0,0,0,0,0,0,0,0,0,1,1,0,0,0,1,1,1,1,2,0,0,0,0,1,0,1,0,2,0,0,1,1,1,1,0,1,1,1,0,0,0,2,0,-,0,0,0,1,1,0,1,1,1,0,1,1,1,0,0,0,1,0,1,1,0,0,2,1,0,1,-,-,1,0,1,0,0,0,1,0,0,1,0,0,0,0,0,-,1,0,0,0,1,0,0,1,1,0,0,0,0,1,0,1,1,2,1,1,0,0,-,0,1,1,0,1,0,0,0,2,1,0,1,0,0,0,1,1,1,0,0,0,0,0,0,0,0,1,0,0,0,0,2,0,1,0,1,1,0,0,0,0,0,1,0,1,0,0,0,0,0,1,0,0,0,0,1,0,1,0,0,0,1,0,0,0,0,1,0,1,1,0,0,1,0,0,1,0,1,1,0,0,0,0,0,0,0,0,0,0,0,1,1,1,2,1,1,1,1,1,1,2,1,1,0,1,1,1,0,1,0,0,0,0,-,0,0,0,0,1,0,0,0,0,0,1,0,1,1,-,0,1,0,0,0,0,1,1,1,1
Ismarus,0,0,0,1,1,0,0,0,1,0,0,0,0,1,0,0,-,1,0,-,1,-,?,?,?,?,?,?,?,?,?,?,?,?,?,?,?,?,?,?,?,?,?,?,?,?,?,?,?,?,?,?,?,?,?,?,?,?,?,?,?,?,?,?,?,?,?,?,0,-,0,0,1,1,0,0,0,0,0,1,0,0,1,0,0,-,1,1,0,1,0,-,1,1,2,0,2,1,0,1,0,1,2,1,0,0,-,0,0,0,0,1,1,0,1,1,0,-,1,0,1,1,-,1,0,0,1,1,2,0,2,-,0,1,2,0,1,1,0,0,0,1,1,0,0,0,0,1,0,0,0,1,0,0,0,0,1,1,1,1,2,0,0,0,0,1,0,2,0,2,0,1,1,-,0,1,0,1,1,1,0,-,0,1,1,0,0,0,0,1,1,0,1,1,1,0,1,1,1,0,-,1,1,1,0,1,0,0,2,0,0,1,-,-,0,1,1,0,0,0,1,1,0,1,0,-,0,0,0,-,1,0,1,0,1,0,0,1,1,0,0,0,0,1,0,1,1,2,1,-,-,-,0,0,0,1,1,1,0,0,1,2,1,0,0,0,1,0,1,1,1,0,1,0,0,0,1,0,-,-,-,-,-,-,2,-,-,-,-,-,-,-,-,-,-,-,-,-,-,-,-,-,-,-,-,-,-,-,-,-,-,-,-,-,-,-,-,-,-,-,-,-,-,-,-,-,-,-,-,-,-,-,-,-,-,-,-,-,-,-,-,0,0,1,0,1,2,1,1,1,1,1,1,2,1,-,0,1,1,1,1,0,-,0,0,0,-,-,-,-,-,-,-,?,?,?,?,?,?,?,?,?,?,?,?,?,?,?,1,1,1,1
Isostasius,0,0,0,0,0,0,1,0,1,0,0,0,1,1,0,0,1,1,1,-,-,-,?,?,?,?,?,?,?,?,?,?,?,?,?,?,?,?,?,?,?,?,?,?,?,?,?,?,?,?,?,?,?,?,?,?,?,?,?,?,?,?,?,?,?,?,?,?,0,0,0,0,1,1,0,0,0,0,0,1,1,0,1,2,0,-,1,1,0,-,0,-,1,0,2,-,2,1,0,0,-,1,2,1,0,-,-,0,1,0,0,1,1,0,1,1,0,0,1,0,1,1,0,0,-,-,1,-,2,1,0,0,1,1,2,0,1,1,1,0,1,1,-,-,0,0,0,0,0,0,0,1,1,0,0,0,1,0,1,1,2,0,0,0,-,-,0,2,0,2,0,0,0,-,0,1,0,1,1,-,0,0,1,2,0,-,0,0,0,0,0,-,1,1,1,0,1,1,0,0,-,1,1,0,1,1,0,-,2,0,0,1,-,-,1,1,1,0,0,0,1,0,0,1,0,0,1,0,0,-,1,0,0,0,1,0,0,1,2,0,0,0,0,1,0,1,1,2,0,2,0,0,-,0,0,1,1,1,0,0,1,2,1,0,0,0,0,0,1,0,0,-,1,0,0,0,1,0,-,-,-,-,-,-,-,-,-,-,-,-,-,-,-,-,-,-,-,-,-,-,-,-,-,-,-,-,-,-,-,-,-,-,-,-,-,-,-,-,-,-,-,-,-,-,-,-,-,-,-,-,-,-,-,-,-,-,-,-,-,-,-,0,0,1,1,1,2,1,1,1,1,1,1,2,1,1,0,1,1,1,0,0,0,0,0,0,-,-,-,0,-,-,0,1,0,0,0,1,0,1,0,-,0,1,0,0,0,0,1,1,1,1
Labena,0,1,1,1,1,-,0,0,-,0,0,0,0,1,-,-,-,1,0,-,-,-,1,-,-,1,1,0,0,-,-,-,-,-,-,-,-,-,-,-,-,-,-,0,-,2,0,-,-,-,-,-,-,-,-,-,4,0,-,1,6,0,-,-,-,-,1,-,0,0,0,0,1,0,0,0,0,0,0,0,0,0,1,0,0,-,0,-,-,0,1,1,1,1,2,0,2,1,0,1,-,1,2,1,0,1,0,1,0,0,0,1,1,0,1,1,0,-,1,0,1,1,-,1,0,0,1,1,2,0,2,-,0,1,0,0,-,1,1,0,0,1,-,0,0,0,0,0,0,0,0,1,0,0,1,0,1,0,1,1,2,0,0,0,1,0,0,2,0,2,0,1,1,1,0,1,0,1,1,0,0,0,0,0,1,0,0,0,0,1,1,1,1,1,1,0,1,1,0,0,0,1,1,1,0,1,0,0,2,0,0,1,-,-,1,1,1,0,0,0,2,1,0,1,0,1,0,0,1,-,1,0,0,0,1,0,0,1,2,0,0,0,0,1,0,1,1,2,0,2,0,0,-,0,0,1,0,0,0,-,0,2,1,1,0,0,1,0,0,0,1,0,0,0,0,1,0,0,-,-,-,-,-,-,2,-,-,-,-,-,-,-,-,-,-,-,-,-,-,-,-,-,-,-,-,-,-,-,-,-,-,-,-,-,-,-,-,-,-,-,-,-,-,-,-,-,-,-,-,-,-,-,-,-,-,-,-,-,-,-,-,2,1,0,0,0,2,1,1,1,0/1,0,1,2,1,1,0,1,1,0,0,0,0,0,0,1,-,0,-,0,-,-,1,1,0,1,1,0,1,1,?,1,0,1,0,0,1,0,1,0,1,0
Lagynodes,0,0,0,1,1,0,0,0,1,0,0,1,1,1,0,0,1,1,1,-,-,-,1,0,0,0,1,0,0,-,0,0,0,1,2,-,-,-,0,0,2,1,1,0,0,1,0,2,2,1,1,0,0,0,3,1,1,0,0,1,4,0,0,0,0,1,1,1,0,0,0,1,-,0,0,0,0,0,0,1,2,2,1,1,0,-,0,-,-,1,0,-,1,1,2,0,2,1,0,1,0,0,2,1,0,-,-,0,0,-,0,1,0,0,1,1,1,-,1,1,1,1,-,1,0,0,1,0,0,0,2,-,1,1,2,1,0,1,0,0,0,1,0,0,0,0,0,0,0,0,0,1,0,0,1,0,1,1,1,1,2,0,0,0,-,-,0,2,0,0,0,1,1,-,0,1,1,1,1,0,0,0,0,-,1,1,0,-,-,1,0,-,-,1,0,0,1,0,-,0,-,-,-,-,-,-,-,-,2,0,-,1,-,-,0,1,1,2,-,-,-,-,-,-,-,-,-,1,1,0,1,0,0,0,-,-,-,-,-,0,0,0,0,1,0,1,1,0,0,1,0,0,-,1,0,0,0,1,0,-,0,2,1,0,1,0,1,0,1,0,0,-,1,0,0,0,1,1,-,-,-,-,-,-,2,-,-,-,-,-,-,-,-,-,-,-,-,-,-,-,-,-,-,-,-,-,-,-,-,-,-,-,-,-,-,-,-,-,-,-,-,-,-,-,-,-,-,-,-,-,-,-,-,-,-,-,-,-,-,-,-,?,?,?,?,?,?,?,?,?,?,?,?,?,?,?,?,?,?,?,?,?,-,0,0,0,-,0,-,0,-,-,1,0,1,0,0,1,0,1,?,-,0,1,0,0,0,0,1,0/1,1,1
Lymeon,0,1,0,1,1,0,0,0,1,0,0,0,1,1,1,0,2,1,0,1,1,1,1,1,0,0,1,0,0,-,-,0,0,1,-,-,-,-,-,-,2,1,1,0,0,2,0,2,1,-,-,-,0,0,-,-,4,0,-,0,6,0,-,0,-,-,1,0,0,0,0,1,-,0,0,0,0,0,0,0,1,0,1,0,0,-,0,-,-,0,1,1,1,1,2,0,2,1,0,1,0,1,2,1,0,0,-,1,1,0,0,1,1,0,1,1,0,0,1,0,1,1,0,1,0,0,1,0,2,0,2,-,0,1,0,0,0,1,0,0,0,1,-,0,0,0,0,0,0,0,0,1,0,0,1,0,1,0,1,1,2,0,-,0,0,0,0,2,0,2,0,1,1,0,0,1,0,1,1,0,0,0,0,0,1,0,0,0,0,1,1,1,1,1,1,0,1,1,0,0,0,1,1,0,0,1,0,0,2,0,0,1,-,-,1,1,1,0,0,0,1,0,0,1,0,1,0,0,1,0,1,1,1,0,1,0,0,1,2,0,0,0,0,1,0,1,1,0,0,2,0,1,-,0,0,0,0,0,0,0,1,2,1,1,1,0,1,0,1,0,1,1,0,0,0,0,0,0,-,-,-,-,-,-,2,-,-,-,-,-,-,-,-,-,-,-,-,-,-,-,-,-,-,-,-,-,-,-,-,-,-,-,-,-,-,-,-,-,-,-,-,-,-,-,-,-,-,-,-,-,-,-,-,-,-,-,-,-,-,-,-,0,1,0,0,0,2,1,1,1,0/1,0,1,2,1,1,0,-,1,0,0,0,0,0,0,1,-,0,0,0,-,-,1,1,0,1,1,0,1,1,?,1,0,1,0,0,1,0,1,0,1,0
Maaminga,0,0,0,1,1,1,-,0,-,0,0,0,-,1,-,-,-,0,?,1,1,-,1,0,0,0,1,0,0,1,0,1,1,1,0,1,1,1,0,2,2,1,1,0,1,1,0,2,3,1,1,0,0,0,3,0,2,0,1,1,2,0,0,?,0,0,1,0,1,-,0,0,1,1,0,0,0,0,0,0,0,0,1,0,0,-,1,0,0,-,0,0,0,1,2,0,2,0,0,1,0,0,2,0,0,-,-,0,0,-,0,0,0,0,1,1,0,0,1,0,1,1,0,0,-,-,1,-,2,0,0,0,0,1,2,1,-,1,0,0,-,1,1,0,1,0,1,0,0,0,0,1,1,0,1,0,1,0,1,1,2,0,0,0,0,1,0,2,0,1,0,0,0,-,0,1,1,0,0,0,0,1,0,0,0,-,0,0,0,1,0,-,0,1,1,0,1,1,0,0,-,-,0,-,-,1,0,-,2,0,0,1,-,-,0,-,1,0,0,0,0,0,0,1,0,1,0,0,0,-,1,0,1,0,1,1,0,1,1,0,0,0,0,1,0,1,1,0,0,-,-,0,-,0,0,0,1,0,0,-,0,2,1,1,0,0,0,0,1,1,0,0,0,0,0,0,0,0,-,-,-,-,-,-,-,-,-,-,-,-,-,-,-,-,-,-,-,-,-,-,-,-,-,-,-,-,-,-,-,-,-,-,-,-,-,-,-,-,-,-,-,-,-,-,-,-,-,-,-,-,-,-,-,-,-,-,-,-,-,-,-,0,0,1,0,1,2,1,1,1,1,1,1,2,1,1,0,1,1,1,1,0,0,0,0,0,-,0,-,0,-,-,-,0,0,0,0,1,0,1,1,-,0,1,0,0,0,0,1,1,-,-
Macroxyela,0,0,0,1,0,0,0,0,1,0,1,0,0,0,?,0,?,0,?,1,0,0,0,1,0,0,0,1,0,1,0,0,0,0,0,1,1,0,1,0,2,1,0,0,0,0,0,5,?,?,0,-,0,?,0,0,4,1,-,0,4,0,0,0,0,0,0,0,1,-,0,0,0,0,0,0,0,0,0,0,1,0,0,0,1,0,0,0,0,-,0,0,0,0,1,-,1,0,0,1,0,0,0,0,0,1,0,0,0,1,0,1,0,0,1,0,0,0,1,1,0,0,0,1,0,0,0,0,0,0,0,1,0,0,0,0,0,0,0,0,0,1,-,0,0,0,0,0,1,0,0,0,0,0,1,1,1,0,0,0,0,0,0,0,0,0,0,1,0,0,1,1,0,-,0,0,1,0,0,0,1,0,0,0,1,0,0,1,0,1,0,-,0,0,0,0,1,1,0,1,1,0,1,1,0,0,1,1,0,0,1,0,0,1,0,0,0,0,1,0,0,0,1,1,0,0,0,0,1,0,0,-,0,0,1,0,0,0,0,1,0,0,1,0,1,0,0,0,0,1,0,0,0,0,-,0,0,0,0,-,0,0,0,1,-,-,-,0,0,0,-,-,0,0,0,0,0,0,0,0,1,0,0,0,0,-,1,0,1,1,1,1,1,1,0,0,1,1,1,1,0,1,0,0,1,1,0,1,1,1,0,0,1,0,1,1,1,1,1,1,1,1,1,1,1,0,0,1,0,1,1,1,1,0,0,0,0,0,1,1,0,0,0,0,0,0,0,0,0,0,0,0,0,0,0,0,0,1,0,1,0,0,0,0,0,0,2,0,1,0,1,1,1,0,0,0,0,0,0,1,0,-,0,0,0,0,0,0,0,?,0,0
Megalyra,0,0,0,0,0,0,0,1,1,0,0,0,0,1,0,0,1,1,0,0,1,1,1,6,0,1,1,0,0,0,2,2,0,0,0,1,1,1,0,1,3,1,1,0,0,1,0,2,1,0,1,0,0,0,3,1,4,0,1,0,6,0,1,0,0,0,1,0,1,0,0,1,-,0,0,0,0,0,1,1,1,2,1,1,0,-,0,-,-,-,0,-,1,1,2,0,2,1,0,1,0,0,2,1,1,1,0,1,0,0,0,1,0,2,1,0,0,0,1,0,1,1,0,1,0,0,1,0,0,1,2,-,0,1,2,1,0,1,0,0,0,1,0,0,0,0,0,0,0,0,0,1,1,0,0,0,1,0,1,1,2,0,0,0,0,1,0,2,0,1,0,1,1,0,0,1,1,0,0,1,0,0,0,-,1,1,0,0,0,1,1,1,1,1,0,0,1,1,0,0,0,1,1,1,0,1,0,0,2,0,0,1,-,-,1,1,1,1,-,1,1,0,-,1,0,0,0,0,1,0,0,-,0,0,1,0,0,1,2,0,0,0,0,1,0,1,1,0,0,2,0,0,-,0,0,0,0,0,0,0,1,2,0,1,-,-,0,0,0,0,1,0,0,0,0,0,0,1,0,1,0,1,1,0,2,1,0,0,0,0,0,0,0,0,1,1,0,0,0,1,0,0,0,1,1,0,0,0,1,0,1,0,0,0,1,0,0,0,0,0,-,0,0,0,0,0,1,0,0,0,1,0,0,0,0,0,0,1,0,1,0,2,0,0,0,1,2,1,1,1,0/1,1,1,2,1,1,0,1,1,0,0,0,1,0,0,0,-,0,0,0,0,0,0,0,1,0,0,1,0,1,0,-,0,1,0,0,0,0,-,0,1,-
Megaspilus,0,0,0,0,0,0,0,0,1,0,0,1,0,1,0,0,1,1,0,-,-,-,1,-,-,-,1,0,0,0,-,-,-,-,-,1,-,1,0,0,2,1,1,0,0,1,0,2,1,0,1,0,0,0,3,1,1,0,0,1,4,0,0,0,1,1,1,1,0,0,0,1,-,0,0,0,0,1,1,0,1,2,1,1,0,-,0,-,-,1,0,-,1,1,2,0,2,1,0,1,0,0,2,1,0,0,-,0,0,0,0,1,0,0,1,1,1,-,1,1,1,1,-,1,1,0,1,0,0,1,0,0,0,1,2,1,0,1,1,0,0,1,0,0,0,0,0,1,0,0,0,1,1,0,0,0,1,1,1,1,2,0,0,0,0,1,0,2,0,-,0,1,1,-,0,1,1,1,1,1,0,0,0,-,1,1,0,0,0,0,0,-,1,1,0,0,1,0,-,0,0,1,-,-,-,-,-,-,2,0,-,1,-,-,1,1,1,2,-,-,-,-,-,-,-,-,-,1,1,0,1,0,0,0,1,0,0,0,1,0,0,0,0,1,0,1,1,0,0,2,0,0,-,1,0,1,0,0,0,0,1,2,1,1,0,0,0,0,1,0,0,-,1,0,0,0,1,1,0,0,0,1,0,0,2,0,1,1,1,0,0,0,0,0,1,1,0,1,0,1,1,0,0,1,0,0,0,0,0,0,1,0,0,0,0,-,0,0,0,1,-,0,0,1,0,0,1,0,0,0,1,0,0,0,0,0,0,0,0,1,0,0,1,-,0,0,2,1,1,1,1,1,1,2,1,1,0,1,1,1,1,0,0,0,0,0,-,0,-,0,-,-,1,0,1,0,0,1,0,1,?,-,0,1,0,0,0,0,1,0/1,1,1
Megastigmus,0,1,0,1,1,0,0,0,1,0,0,1,0,1,0,-,1/2,1,1,-,1,1,1,1,0,1,1,0,0,1,0,1,1,1,0,1,1,1,0,0,3,0,1,0,1,1,0,2,1,1,1,1,0,0,3,0,3,0,1,1,4,0,1,0,1,0,1,0,1,-,0,0,0,0,0,0,0,0,0,0,0,0,0,0,1,0,-,0,2,-,2,0,1,1,2,-,2,1,0,1,0,0,1,0,0,0,-,1,0,0,0,1,0,0,1,1,0,0,1,0,1,1,0,1,0,1,0,0,2,0,0,0,0,1,2,1,1,1,0,1,0,1,0,0,0,0,1,0,0,0,0,1,1,0,0,0,1,0,1,1,2,0,1,0,0,1,0,2,0,0,0,0,0,-,0,1,0,0,0,0,0,0,1,0,1,0,1,0,1,1,1,0,1,1,1,0,0,1,0,0,-,1,1,1,1,1,0,0,2,0,0,1,-,-,0,0,1,0,0,0,1,1,0,1,0,0,1,0,1,0,1,1,1,0,1,1,0,1,2,0,0,0,0,1,0,1,1,0,0,1,0,0,-,0,1,0,1,0,0,0,0,2,1,0,0,0,0,0,1,0,1,0,1,0,1,0,-,-,0,1,0,0,0,0,0,-,1,0,1,0,0,0,0,0,0,3,0,0,0,1,1,0,0,1,1,0,0,1,0,0,1,1,0,0,0,-,0,0,0,0,-,0,0,0,0,1,0,0,0,0,0,-,-,0,0,0,0,0,0,1,0,1,0,1,1,1,2,1,1,1,1,1,1,2,1,1,0,1,1,1,1,0,1,0,0,0,-,0,-,0,-,-,1,0,0,0,0,1,0,1,1,1,0,1,0,0,0,0,1,?,0,1
Megischus,1,0,0,1,0,0,0,0,1,0,0,0,0,1,0,0,1,1,1,1,1,1,1,0,0,0,1,0,0,0,2,0,0,0,1,1,-,1,0,1,1,1,1,0,0,0,0,3,1,0,1,0,0,0,3,1,4,0,0,0,6,0,0,0,0,0,1,0,0,1,0,0,0,0,0,0,0,0,0,1,2,1,0,0,1,1,-,0,0,-,0,0,1,1,2,1,2,1,0,1,0,0,2,1,0,1,0,1,0,0,0,1,1,0,1,0,1,0,1,0,1,1,0,1,0,0,1,0,2,1,0,0,0,1,2,1,0,1,0,0,0,1,1,0,0,0,0,0,0,0,0,1,1,0,1,1,1,0,1,1,2,0,0,0,1,0,0,2,0,0,0,0,0,-,0,1,1,0,0,1,0,0,1,0,1,0,0,0,0,1,1,1,1,1,0,0,1,1,0,0,0,1,0,-,-,1,0,0,2,0,0,1,-,-,0,1,1,0,0,1,1,1,1,1,0,0,0,0,1,1,0,-,0,0,1,0,0,0,2,0,1,1,0,1,0,1,1,0,0,2,1,1,0,0,0,0,0,0,1,0,0,2,0,1,-,-,0,0,1,1,1,0,1,-,0,0,0,0,1,0,0,0,0,0,0,-,1,0,0,1,0,0,1,0,0,-,0,0,0,0,1,0,0,1,1,0,0,0,1,0,1,0,0,0,0,0,0,-,0,0,-,0,0,0,0,0,0,0,0,0,1,0,0,0,0,0,0,0,0,0,0,0,0,0,1,0,2,1,1,1,1,1,1,2,1,1,0,1,0/1,1,0,0,2,0,0,0,-,0,-,-,-,-,0,?,?,?,?,?,?,?,?,?,?,?,?,?,?,?,-,0,1,1
Melanips,0,0,0,1,1,0,0,0,-,0,0,0,0,1,0,0,1,1,0,-,-,-,1,6,1,1,1,0,0,0,2,-,0,0,0,1,1,1,0,0,2,1,1,0,1,1,0,2,1,1,1,0,0,0,3,0,3,0,1,0,5,0,1,0,0,1,1,1,1,-,1,0,1,0,0,0,0,0,0,1,0,0,1,0,0,-,1,1,0,0,0,-,1,1,2,0,2,1,0,1,0,1,2,0,0,0,-,0,0,0,0,0,1,1,1,1,1,-,1,0,1,1,-,1,0,0,1,0,2,0,1,0,1,1,2,0,1,1,0,0,1,0,-,0,0,0,0,0,0,0,0,1,1,0,0,0,1,1,1,1,2,0,0,0,0,1,0,2,0,2,0,0,1,1,1,1,0,1,1,1,0,0,0,2,0,-,0,0,0,1,1,0,1,1,1,0,1,1,1,0,-,-,1,0,1,1,0,-,2,1,0,1,-,-,1,1,1,0,0,0,0,0,0,1,0,0,0,0,0,-,1,0,0,0,1,0,0,1,1,0,0,0,0,1,0,1,1,2,1,1,0,0,-,0,0,1,1,1,0,0,0,2,1,0,1,0,0,0,-,-,-,-,-,-,-,-,-,-,-,-,-,-,-,-,2,-,-,-,-,-,-,-,-,-,-,-,-,-,-,-,-,-,-,-,-,-,-,-,-,-,-,-,-,-,-,-,-,-,-,-,-,-,-,-,-,-,-,-,-,-,-,-,-,-,-,-,-,-,-,-,-,0,0,1,1,1,2,1,1,1,1,1,1,2,1,1,0,1,1,1,0,1,0,0,0,0,-,0,-,0,-,-,0,0,0,0,0,1,0,1,1,-,0,1,0,0,0,0,1,1,1,1
Metapolybia,0,0,1,1,0,0,0,0,1,0,0,0,0,1,0,0,1,0,?,1,1,1,1,7,0,0,1,0,0,0,2,0,0,1,0,1,1,1,2,2,3,0,1,0,0,1,0,2,3,0,0,0,1,2,3,1,4,0,0,1,6,0,0,0,0,0,1,0,0,0,0,1,-,0,0,0,0,0,0,0,2,1,1,0,0,-,0,-,-,0,0,0,1,1,2,0,2,1,0,1,0,0,2,0,0,1,0,1,0,0,0,1,1,0,1,1,1,0,1,0,1,1,0,1,0,0,1,1,2,1,2,-,1,1,2,0,1,1,0,0,0,1,0,1,0,0,0,0,0,0,0,1,0,0,0,0,1,0,1,1,2,0,0,0,0,1,0,2,1,2,0,1,1,0,0,1,0,0,0,1,0,0,0,0,1,0,0,0,0,1,1,0,1,1,0,0,1,1,0,0,0,1,1,0,0,1,0,0,2,0,0,1,-,-,0,1,1,1,-,1,2,0,-,1,0,1,0,0,1,0,1,0,0,0,1,0,0,1,2,0,0,0,0,1,0,1,1,0,0,2,0,1,-,0,0,0,0,1,0,0,0,2,0,1,-,-,1,0,1,0,1,1,0,1,0,0,0,0,-,-,-,-,-,-,2,-,-,-,-,-,-,-,-,-,-,-,-,-,-,-,-,-,-,-,-,-,-,-,-,-,-,-,-,-,-,-,-,-,-,-,-,-,-,-,-,-,-,-,-,-,-,-,-,-,-,-,-,-,-,-,-,1,0,0,0,0,2,1,1,1,0,0,1,2,1,1,0,1,1,0,0,0,0,0,0,1,-,1,1,0,1,1,0,0,1,0,0,0,0,1,1,1,1,1,1,1,0,1,1,?,1,0
Micropterix,0,0,0,1,1,0,0,0,0,0,1,0,0,0,?,0,?,1,0,0,0,0,?,?,?,?,?,?,?,?,?,?,?,?,?,?,?,?,?,?,?,?,?,?,?,?,?,?,?,?,?,?,?,?,?,?,?,?,?,?,?,?,?,?,?,?,?,?,1,-,0,0,1,0,0,0,0,0,0,0,1,0,0,0,0,-,0,-,-,-,0,0,0,0,0,-,0,0,0,0,-,0,0,0,0,1,0,0,0,0,0,1,0,0,0,0,0,0,0,1,0,0,0,1,1,1,1,0,0,0,2,-,0,0,0,0,-,0,0,0,0,1,-,0,0,0,0,0,0,0,0,0,0,0,0,-,1,0,1,1,1,0,0,0,-,-,0,2,0,0,1,0,0,-,0,0,1,0,0,0,0,0,0,0,1,0,0,0,0,0,0,-,0,0,0,0,0,1,0,0,1,-,1,1,0,0,0,2,0,0,1,0,1,0,0,0,0,0,0,0,0,0,-,-,-,-,0,0,1,0,0,-,0,0,0,0,0,1,0,1,0,0,1,0,0,0,0,0,0,0,0,-,-,0,-,0,-,0,0,0,0,0,0,1,-,-,-,1,0,0,-,-,0,0,0,0,0,0,-,-,-,-,-,-,-,-,-,-,-,-,-,-,-,-,-,-,-,-,-,-,-,-,-,-,-,-,-,-,-,-,-,-,-,-,-,-,-,-,-,-,-,-,-,-,-,-,-,-,-,-,-,-,-,-,-,-,-,-,-,-,-,?,?,?,?,?,?,?,?,?,?,?,?,?,?,?,?,?,?,?,?,?,?,?,?,?,?,?,?,?,?,?,?,?,?,?,?,?,?,?,?,?,?,?,?,?,?,?,?,?,?,?
Monoctenus,0,0,0,1,0,0,1,0,1,0,1,0,0,0,?,0,?,0,?,1,0,0,1,0,0,0,0,0,0,-,0,0,0,0,0,1,1,0,0,0,3,1,1,0,0,0,1,0,1,0,-,-,0,0,1,0,4,0,-,0,6,0,-,0,0,0,1,0,1,-,0,1,-,0,0,0,0,0,0,1,0,0,1,0,1,0,0,0,0,-,0,0,0,0,2,0,2,0,0,1,0,0,0,0,0,1,1,0,0,0,0,1,1,0,1,0,0,0,0,1,0,0,0,0,0,0,1,0,0,0,0,1,0,0,0,0,0,0,0,0,0,1,-,0,0,0,0,0,1,0,0,0,0,0,1,1,1,0,0,0,0,0,0,0,0,0,1,0,0,0,1,1,1,-,0,1,1,0,0,0,0,0,0,0,1,0,0,1,0,0,0,-,1,0,0,0,1,1,0,1,1,0,1,1,0,0,1,0,0,0,1,0,0,1,0,1,1,0,0,0,0,0,0,1,0,0,0,0,1,0,0,-,0,0,1,0,0,0,1,0,0,0,0,1,1,0,0,0,0,1,1,0,0,0,-,0,1,0,0,0,0,0,0,1,-,-,-,0,0,0,-,-,0,0,0,0,0,0,-,-,-,-,-,-,0,-,-,-,-,-,-,-,-,1,-,-,-,-,-,-,-,-,-,-,-,-,-,-,-,-,-,-,-,-,-,-,-,-,-,-,-,-,-,-,-,-,-,-,-,-,-,-,-,-,-,-,-,-,-,-,-,0,0,0,0,0,1,1,0,0,0,1,1,1,0,1,0,1,0,1,0,0,0,1,1,?,2,0,1,0,1,1,0,0,0,0,0,0,0,1,0,1,0,0,0,0,0,0,0,?,0,0
Monomachus,0,1,0,1,1,1,0,0,1,0,0,0,0,1,0,0,-,1,1,1,0,1,1,0,0,0,1,0,0,1,0,0,0,0,0,1,1,1,0,2,2,1,1,0,1,1,0,2,1,1,1,0,0,0,3,0,3,0,1,1,5,0,1,0,1,1,1,1,0,0,0,0,0,1,0,0,0,0,0,0,2,0,0,0,1,1,-,1,0,-,0,0,1,1,2,0,2,1,0,1,0,0,2,1,0,1,0,0,1,0,0,1,1,0,1,1,0,0,1,0,1,1,0,1,0,0,0,0,2,0,0,0,1,1,2,0,0,1,1,0,0,1,0,0,0,0,0,1,0,1,0,1,0,0,1,0,1,1,1,1,2,0,0,0,0,1,0,2,0,2,0,1,1,0,0,1,0,0,1,1,0,0,0,0,1,0,1,0,0,1,1,1,1,1,1,0,1,1,0,0,0,1,1,1,0,1,0,0,2,0,0,1,-,-,0,0,1,0,0,0,0,0,1,1,0,1,0,0,1,0,1,0,1,0,1,0,0,1,1,0,0,0,0,1,0,1,1,2,1,1,0,0,-,0,0,0,0,0,0,0,0,2,1,0,1,0,0,0,1,1,1,0,1,0,0,0,1,0,0,1,0,0,0,0,0,-,1,0,1,0,0,0,1,0,0,1,0,1,0,0,0,1,0,1,1,0,0,0,1,0,1,1,0,0,1,1,0,0,0,1,0,0,0,0,0,1,0,0,0,0,1,0,0,0,0,0,0,0,0,1,0,0,0,1,0,0,2,1,1,1,1,1,1,2,1,1,0,0,1,1,0,1,-,0,0,0,-,-,-,-,-,-,1,0,0,0,0,1,0,1,1,-,0,1,0,0,0,0,1,1,1,1
Mymaromma,0,0,0,1,-,0,2,0,-,1,0,0,0,1,1,-,2,0,?,-,-,-,1,0,0,0,1,0,0,0,2,1,1,1,0,1,0,-,0,0,2,1,1,0,0,1,1,1,2,0,0,0,0,0,3,0,0,0,?,1,0,0,0,?,0,0,1,0,1,0,0,1,-,1,0,0,0,0,0,0,1,1,1,0,0,-,1,-,0,-,-,-,0,0,2,0,2,1,0,1,0,0,-,1,1,-,-,-,0,-,0,0,0,0,1,1,0,0,-,0,1,1,0,1,1,0,1,0,2,0,2,-,0,1,2,1,-,1,0,1,-,0,-,0,1,0,1,0,0,0,0,1,0,0,-,0,1,0,1,1,2,0,0,-,-,-,0,2,0,0,0,0,0,-,0,1,0,0,0,0,0,0,1,-,0,-,0,0,0,0,0,-,1,1,1,0,-,1,0,0,0,-,0,-,-,0,-,-,2,0,-,1,-,-,0,1,0,2,-,1,1,1,-,1,0,1,0,0,0,-,1,1,0,0,-,-,-,-,-,-,0,0,0,0,0,1,1,2,0,-,-,0,-,0,0,0,1,1,0,0,1,2,1,0,0,0,0,0,1,1,0,-,1,-,0,0,1,1,-,-,-,-,-,-,-,-,-,-,-,-,-,-,-,-,-,-,-,-,-,-,-,-,-,-,-,-,-,-,-,-,-,-,-,-,-,-,-,-,-,-,-,-,-,-,-,-,-,-,-,-,-,-,-,-,-,-,-,-,-,-,-,1,-,-,1,1,2,1,1,1,1,1,1,2,1,1,0,-,1,1,1,0,-,0,1,?,-,0,-,0,-,-,0,?,?,?,?,?,?,?,?,?,?,?,?,?,?,?,?,?,?,?
Nasonia,0,1,0,1,1,0,0,0,1,0,0,0,1,1,0,0,1/2,0,?,-,1,1,1,0,0,0,1,0,0,0,0,1,1,1,0,-,-,0,0,0,3,0,1,0,1,1,0,2,1,1,1,0,0,0,3,0,3,0,0,1,4,0,1,0,1,0,1,0,1,-,0,0,0,0,0,0,0,0,0,0,0,0,0,0,1,0,-,0,2,-,2,0,1,0,2,0,2,1,0,1,0,0,1,0,0,0,-,1,1,0,0,1,1,0,1,1,0,0,1,0,1,1,0,1,0,1,0,0,2,0,0,0,0,1,2,1,1,1,0,1,0,1,0,0,0,0,1,0,0,0,0,1,1,0,0,0,1,0,1,1,2,0,1,0,0,1,0,2,0,0,0,0,0,-,0,1,1,0,0,0,0,0,1,0,1,0,1,0,1,1,1,0,1,1,1,0,1,1,0,0,0,-,1,1,1,1,0,-,2,0,0,1,-,-,0,0,1,0,0,0,0,1,1,-,-,0,1,0,0,-,1,1,1,1,1,1,0,1,2,0,0,0,0,1,0,1,1,0,0,1,0,0,-,0,1,1,0,0,0,0,1,2,1,0,1,0,0,0,1,0,1,0,0,0,1,0,-,-,-,-,-,-,-,-,-,-,-,-,-,-,-,-,-,-,-,-,-,-,-,-,-,-,-,-,-,-,-,-,-,-,-,-,-,-,-,-,-,-,-,-,-,-,-,-,-,-,-,-,-,-,-,-,-,-,-,-,-,-,-,-,-,1,0,1,1,1,2,1,1,1,1,1,1,2,1,1,0,1,1,1,1,0,1,0,0,0,-,0,-,0,-,-,1,0,0,0,0,1,0,1,1,1,0,1,0,0,0,0,1,0,1,1
Notofenusa,0,0,0,1,0,0,1,0,1,0,1,0,0,0,?,0,?,0,?,1,0,0,?,?,?,?,?,?,?,?,?,?,?,?,?,?,?,?,?,?,?,?,?,?,?,?,?,?,?,?,?,?,?,?,?,?,?,?,?,?,?,?,?,?,?,?,?,?,1,-,0,1,-,0,0,0,0,0,0,1,0,0,1,0,0,-,0,-,-,-,0,0,0,0,2,0,2,0,0,1,0,0,0,0,0,1,1,0,0,0,0,1,1,0,1,0,0,-,1,1,0,0,-,1,0,0,1,0,0,0,0,1,0,0,0,0,0,0,0,0,0,1,-,0,0,0,0,0,1,0,0,0,0,0,1,1,1,0,0,0,0,0,0,0,0,0,1,0,-,0,1,1,1,-,0,1,1,0,0,0,0,0,0,0,1,0,0,0,0,0,0,-,1,0,0,0,1,1,0,1,1,0,1,1,0,0,1,1,0,0,1,0,0,0,0,0,0,0,0,0,0,0,0,1,0,0,0,0,1,0,0,-,0,0,1,0,0,0,1,0,0,0,0,1,1,0,0,0,0,1,1,-,0,0,-,0,1,0,0,0,0,0,0,1,-,-,-,0,0,0,-,-,0,0,0,0,0,0,-,-,-,-,-,-,2,-,-,-,-,-,-,-,-,-,-,-,-,-,-,-,-,-,-,-,-,-,-,-,-,-,-,-,-,-,-,-,-,-,-,-,-,-,-,-,-,-,-,-,-,-,-,-,-,-,-,-,-,-,-,-,-,0,0,0,0,0,2,1,0,0,0,1,1,2,1,1,0,1,0,1,0,0,0,0,0,0,0,0,1,0,1,1,0,0,0,0,0,0,0,1,0,1,0,0,0,0,0,0,-,?,0,-
Onycholyda,0,0,0,1,0,0,0,0,1,1,1,0,0,1,0,0,2,1,0,1,0,0,1,0,0,1,0,0,0,1,0,1,0,0,0,2,-,0,0,0,3,1,1,0,0,0,0,0,1,0,1,-,0,0,1,0,4,1,0,1,6,0,0,0,0,0,1,0,1,-,0,0,0,0,0,0,0,0,0,0,1,0,1,0,0,-,0,-,-,-,0,0,0,1,2,0,2,0,0,1,0,0,2,0,0,1,0,0,0,0,0,1,1,0,1,0,0,-,1,1,0,0,-,1,0,0,1,0,0,0,0,1,0,0,0,0,0,0,0,0,0,0,-,0,0,0,0,0,1,0,0,0,0,0,1,1,1,0,0,0,0,0,0,0,0,0,1,1,0,0,1,0,0,-,0,0,1,0,0,0,0,0,0,0,1,0,0,1,0,1,0,-,0,0,0,0,1,1,0,1,1,0,1,1,0,0,1,1,0,0,1,0,0,1,0,1,0,0,1,0,0,0,1,0,1,0,0,0,1,0,0,-,0,0,1,0,0,0,0,1,0,0,1,0,1,0,1,0,0,1,0,0,0,0,-,0,0,0,0,-,0,0,0,1,-,-,-,0,0,0,-,-,0,0,0,0,0,0,0,0,1,0,0,0,1,-,1,0,1,1,1,1,1,1,0,0,1,1,0,1,0,1,0,0,1,1,1,1,1,1,0,0,1,0,1,1,1,1,1,1,1,1,1,0,1,1,0,1,0,1,1,1,1,0,0,0,0,0,1,1,0,0,0,0,0,0,0,1,0,0,0,0,0,1,0,1,0,1,0,1,0,0,0,0,0,0,0,0,1,0,1,1,1,1,0,0,0,0,0,1,0,-,0,0,0,0,0,0,0,?,0,0
Orgilus,0,1,0,1,1,1,0,0,1,0,0,0,0,1,1,0,2,1,0,0,1,0,?,?,?,?,?,?,?,?,?,?,?,?,?,?,?,?,?,?,?,?,?,?,?,?,?,?,?,?,?,?,?,?,?,?,?,?,?,?,?,?,?,?,?,?,?,?,0,0,0,1,-,0,0,0,0,0,0,0,2,0,1,0,0,-,0,-,-,0,1,1,1,1,2,0,2,1,0,1,0,0,2,1,1,1,0,1,0,0,0,1,0,0,1,1,0,0,1,0,1,1,-,1,0,0,1,0,2,0,0,1,0,1,2,0,1,1,0,0,0,1,0,0,0,0,0,0,0,0,0,1,1,0,1,1,1,0,0,1,2,0,0,0,0,0,0,2,0,2,0,1,1,0,0,1,0,1,1,0,0,0,0,0,0,-,0,0,0,1,1,1,1,1,1,0,1,1,0,0,-,1,1,1,0,1,0,0,2,0,0,1,-,-,0,1,1,0,0,1,2,1,1,1,0,0,0,0,1,0,1,0,0,0,1,0,0,1,1,0,0,0,0,1,0,1,1,1,0,1,0,1,-,0,0,0,1,0,0,0,0,2,0,1,-,-,1,0,0,0,1,1,0,0,0,1,0,0,-,-,-,-,-,-,2,-,-,-,-,-,-,-,-,-,-,-,-,-,-,-,-,-,-,-,-,-,-,-,-,-,-,-,-,-,-,-,-,-,-,-,-,-,-,-,-,-,-,-,-,-,-,-,-,-,-,-,-,-,-,-,-,?,?,?,?,?,?,?,?,?,?,?,?,?,?,?,?,?,?,?,?,?,?,?,?,?,?,?,?,?,?,?,?,1,0,1,1,0,1,1,?,1,0,1,0,0,1,0,1,1,1,0
Orthogonalys,0,0,0,1,0,0,1,0,1,0,0,0,0,1,0,0,2,1,1,1,1,1,1,2,0,0,1,0,0,1,1,0,0,0,0,1,1,1,0,1,3,1,1,0,0,1,0,2,1,0,1,1,0,0,3,1,3,0,0,1,6,0,0,0,0,0,1,0,0,0,0,1,-,0,0,0,0,0,1,0,2,1,1,0,0,-,1,1,0,1,0,-,1,1,2,0,2,1,0,1,0,0,2,0,0,0,-,0,0,0,0,1,1,1,1,0,1,0,1,0,1,1,0,1,0,0,1,0,2,1,0,0,1,1,2,0,0,1,0,0,0,1,1,0,0,0,0,1,0,0,0,1,0,0,1,0,1,0,1,1,2,0,0,0,0,1,0,2,1,1,0,0,0,-,0,1,1,1,1,1,0,1,0,-,1,1,0,0,0,1,1,1,1,1,0,0,1,1,0,0,0,1,1,0,0,1,0,0,2,0,0,1,-,-,0,1,1,1,0,1,1,0,-,0,1,0,0,0,1,0,1,0,0,0,1,0,0,1,2,0,0,0,0,1,1,1,1,0,0,2,0,0,0,0,1,1,0,1,0,1,0,2,0,1,-,-,1,0,0,0,1,0,0,0,0,0,0,0,1,1,0,1,0,0,2,0,1,0,1,1,0,1,0,0,0,1,0,0,0,0,0,0,0,1,1,0,0,0,1,0,1,0,0,0,1,0,0,0,0,0,-,0,0,0,0,0,0,0,1,0,1,0,0,0,0,0,0,0,0,1,0,0,0,0,0,0,2,1,1,1,0,0,1,2,1,1,0,1,1,0,0,0,0,0,0,3,-,0,1,0,1,1,1,0,1,0,0,0/1,0,1,0,-,0,1,0,0,0,0,-,1,1,0
Orussobaius,1,0,0,0,0,0,1,0,1,0,0,0,0,1,0,0,1,0,?,0,1,1,1,2,0,0,1,0,1,0,0,0,0,1,1,1,1,0,0,0,1,1,1,0,0,1,0,2,1,1,-,-,0,0,3,1,3,0,-,1,5,0,0,-,0,0,1,0,0,0,0,0,1,0,0,0,0,0,0,0,2,1,0,0,1,1,-,0,0,-,0,0,1,1,2,1,2,1,0,1,0,0,2,0,1,0,-,0,0,0,0,1,1,1,1,0,0,1,1,0,1,1,1,1,0,0,1,0,2,0,2,-,1,1,2,0,1,1,0,0,0,1,1,0,0,0,0,0,0,0,1,1,0,0,0,1,0,-,-,1,2,0,0,0,1,0,0,2,0,0,0,0,1,-,0,0,0,1,1,1,0,0,0,0,1,0,0,1,0,1,1,1,1,1,0,0,1,1,0,1,0,1,0,-,-,1,0,0,1,1,1,0,1,0,1,0,1,0,0,1,1,0,1,1,0,1,0,0,1,0,0,-,0,0,1,0,0,0,1,0,0,0,0,1,0,1,1,0,0,1,0,0,-,0,0,1,0,0,0,0,0,1,0,1,-,-,-,0,0,0,-,-,0,0,0,0,0,1,-,-,-,-,-,-,-,-,-,-,-,-,-,-,-,-,-,-,-,-,-,-,-,-,-,-,-,-,-,-,-,-,-,-,-,-,-,-,-,-,-,-,-,-,-,-,-,-,-,-,-,-,-,-,-,-,-,-,-,-,-,-,-,?,?,?,?,?,?,?,?,?,?,?,?,?,?,?,?,?,?,?,?,?,-,-,-,-,-,-,-,-,-,-,-,?,?,?,?,?,?,?,?,?,?,?,?,?,?,?,0,0,1,1
Orussus,1,0,0,0,0,0,1,1,1,0,0,0,0,1,0,0,1,0,?,0,1,1,1,2,0,0,1,0,1,0,0,0,0,1,1,1,1,0,0,0,1,1,1,0,0,1,0,2,1,1,-,-,0,0,3,1,3,0,-,1,5,0,0,-,0,0,1,0,0,0,0,0,1,0,0,0,0,0,0,0,2,1,0,0,1,1,-,0,0,-,0,0,0,1,2,1,2,1,0,1,0,0,2,0,1,0,-,0,0,1,0,1,1,1,1,0,0,1,1,0,1,1,1,1,0,0,0,0,2,1,2,-,1,0,2,0,0,1,0,0,0,1,1,0,0,0,0,0,0,0,1,1,0,0,1,1,0,-,-,1,2,0,0,0,1,0,0,2,0,0,0,1,1,-,0,0,0,0,0,1,0,0,0,0,1,0,0,1,0,1,1,1,1,1,0,0,1,1,0,1,0,1,0,-,-,1,0,0,1,1,1,0,1,0,1,0,1,0,0,1,1,0,1,1,1,1,0,0,1,0,0,-,0,0,1,0,0,0,1,0,0,0,0,1,0,1,1,0,0,2,0,0,0,0,0,1,0,0,0,-,0,1,0,1,-,-,-,0,0,0,-,-,0,0,0,0,0,1,0,0,1,0,0,0,0,-,0,0,1,0,1,1,1,0,0,0,1,0,0,1,0,0,0,0,0,0,0,0,1,1,0,0,-,0,1,1,1,1,0,0,-,1,0,0,1,1,0,1,0,0,1,-,0,0,0,1,0,0,1,1,0,0,0,0,0,0,2,1,0,1,0,0,1,2,1,1,0,1,1,1,0,0,0,0,0,0,-,0,-,0,-,-,1,0,0,0,0,0,0,1,0,-,0,1,0,0,0,0,0,0,1,1
Panorpa,0,0,0,1,0,0,0,0,0,0,1,0,0,1,0,0,2,0,?,0,0,0,?,?,?,?,?,?,?,?,?,?,?,?,?,?,?,?,?,?,?,?,?,?,?,?,?,?,?,?,?,?,?,?,?,?,?,?,?,?,?,?,?,?,?,?,?,?,1,-,0,0,0,0,0,0,0,0,1,0,0,0,1,0,0,-,0,-,-,-,0,0,0,0,0,-,0,0,0,1,0,0,0,0,0,1,1,0,0,0,0,1,0,0,0,0,0,0,0,1,0,0,0,1,0,0,1,0,0,0,0,0,0,0,0,0,1,0,0,0,0,1,-,0,0,0,0,0,0,0,0,0,0,0,1,1,1,0,0,0,0,0,1,0,0,0,0,1,0,0,1,1,1,-,0,-,-,0,0,0,0,0,0,0,1,0,0,0,0,0,0,-,0,0,0,0,0,1,0,0,1,0,1,1,0,0,0,2,0,0,1,0,0,0,0,1,1,0,0,0,0,0,1,1,0,0,0,0,1,0,0,-,0,0,0,0,0,1,0,1,0,0,0,0,0,1,1,0,0,2,1,0,0,0,0,0,0,0,0,0,0,0,0,1,-,-,-,0,0,0,-,-,0,0,0,0,0,0,-,-,-,-,-,-,-,-,-,-,-,-,-,-,-,-,-,-,-,-,-,-,-,-,-,-,-,-,-,-,-,-,-,-,-,-,-,-,-,-,-,-,-,-,-,-,-,-,-,-,-,-,-,-,-,-,-,-,-,-,-,-,-,?,?,?,?,?,?,?,?,?,?,?,?,?,?,?,?,?,?,?,?,?,?,?,?,?,?,?,?,?,?,?,?,?,?,?,?,?,?,?,?,?,?,?,?,?,?,?,?,?,?,?
Pantolytomyia,0,0,0,1,1,1,2,0,-,0,0,0,0,1,0,0,2,1,2,0,1,-,1,0,0,0,1,0,0,-,-,0,1,1,-,-,-,-,-,-,-,-,-,0,-,1,0,2,-,0,-,-,0,0,-,-,3,0,-,1,5,0,-,1,-,-,1,0,0,0,1,0,1,0,0,0,0,0,0,0,2,0,1,1,1,1,-,0,0,-,0,0,1,1,2,0,2,-,0,0,-,0,2,1,0,0,-,1,1,0,0,1,1,0,1,1,0,0,1,0,1,1,0,1,1,0,1,0,2,0,0,0,1,1,2,0,1,1,1,0,0,1,0,0,0,0,0,0,0,0,0,1,1,0,0,0,1,1,1,1,2,0,0,0,0,1,0,2,0,0,0,0,0,-,1,1,0,0,0,1,0,0,1,1,1,0,0,0,0,1,1,0,1,1,1,1,1,1,0,0,-,-,1,1,0,1,0,0,2,0,0,1,-,-,1,1,-,0,0,0,1,0,1,1,0,1,-,0,0,-,1,0,0,0,-,-,-,-,-,0,0,0,0,1,0,1,1,2,1,2,0,1,0,0,0,1,1,1,0,1,1,2,1,0,0,0,0,0,1,1,1,0,1,0,0,0,1,0,-,-,-,-,-,-,-,-,-,-,-,-,-,-,-,-,-,-,-,-,-,-,-,-,-,-,-,-,-,-,-,-,-,-,-,-,-,-,-,-,-,-,-,-,-,-,-,-,-,-,-,-,-,-,-,-,-,-,-,-,-,-,-,0,0,1,0,1,2,1,1,1,1,1,1,2,1,1,0,1,1,1,1,0,-,0,0,0,-,-,-,-,-,-,-,0/1,0,0,0,1,0,1,1,-,0,1,0,0,0,0,1,1,1,1
Paramblynotus,?,?,?,?,?,?,?,?,?,?,?,?,?,?,?,?,?,?,?,?,?,?,?,?,?,?,?,?,?,?,?,?,?,?,?,?,?,?,?,?,?,?,?,?,?,?,?,?,?,?,?,?,?,?,?,?,?,?,?,?,?,?,?,?,?,?,?,?,?,?,?,?,?,?,?,?,?,?,?,?,?,?,?,?,?,?,?,?,?,?,?,?,?,?,?,?,?,?,?,?,?,?,?,?,?,?,?,?,?,?,?,?,?,?,?,?,?,?,?,?,?,?,?,?,?,?,?,?,?,?,?,?,?,?,?,?,?,?,?,?,?,?,?,?,?,?,?,?,?,?,?,?,?,?,?,?,?,?,?,?,?,?,?,?,?,?,?,?,?,?,?,?,?,?,?,?,?,?,?,?,?,?,?,?,?,?,?,?,?,?,?,?,?,?,?,?,?,?,?,?,?,?,?,?,?,?,?,?,?,?,?,?,?,?,?,?,?,?,?,?,?,?,?,?,?,?,?,?,?,?,?,?,?,?,?,?,?,?,?,?,?,?,?,?,?,?,?,?,?,?,?,?,?,?,?,?,?,?,?,?,?,?,?,?,?,?,?,?,?,?,?,?,?,?,?,?,?,?,?,?,?,?,?,?,?,?,?,?,?,?,?,?,?,?,?,?,?,?,?,?,?,?,?,?,?,?,?,?,?,?,?,?,?,?,?,?,?,?,?,?,?,?,?,?,?,?,?,?,?,?,?,?,?,?,?,?,?,?,?,?,?,?,?,?,?,?,?,?,?,?,?,?,?,?,?,?,?,?,?,?,?,?,?,?,?,?,?,?,?,?,?,?,?,0,0,0,0,1,0,1,1,-,0,1,0,0,0,0,1,1,1,1
Parnips,0,0,0,1,1,0,0,0,1,0,0,0,0,1,1,0,1/2,0,?,0,1,1,1,-,-,-,-,-,-,-,-,-,-,-,-,-,-,-,-,-,3,1,0,0,-,1,0,-,-,1,-,-,0,0,3,0,3,0,-,0,5,0,-,0,0,1,1,-,1,-,1,0,1,1,0,0,0,0,0,1,0,0,1,0,0,-,1,1,0,0,0,-,1,1,2,0,2,1,0,1,0,1,2,0,0,0,-,0,0,0,0,0,1,1,1,1,1,-,1,0,1,1,-,1,1,0,1,0,1,1,1,0,1,1,2,0,1,1,0,0,1,0,-,0,0,0,0,0,0,0,0,1,1,0,0,0,1,1,1,1,2,0,0,0,0,1,0,2,0,2,0,1,1,1,1,1,0,1,1,1,0,0,0,2,0,-,0,0,0,1,1,1,1,1,1,0,1,1,1,0,-,0,1,0,1,1,0,0,2,1,0,1,-,-,1,1,1,0,0,0,1,0,0,1,0,0,0,0,0,-,1,1,0,0,1,0,0,1,1,0,0,0,0,1,0,1,1,2,1,1,0,0,-,0,0,1,1,1,0,0,0,2,1,0,1,0,0,0,1,0,1,0,1,0,0,0,1,0,-,-,-,-,-,-,2,-,-,-,-,-,-,-,-,-,-,-,-,-,-,-,-,-,-,-,-,-,-,-,-,-,-,-,-,-,-,-,-,-,-,-,-,-,-,-,-,-,-,-,-,-,-,-,-,-,-,-,-,-,-,-,-,0,0,1,1,1,2,1,1,1,1,1,1,2,1,1,0,1,1,1,0,1,0,0,0,0,-,0,-,0,-,-,0,0,0,0,0,1,0,1,1,-,0,1,0,0,0,0,1,1,1,1
Pelecinus,0,1,0,1,1,0,1,0,1,0,0,0,1,1,1,0,2,1,0,1,1,-,1,0,0,0,1,0,0,0,2,0,0,0,0,1,1,1,0,2,2,1,1,0,0,1,0,2,1,0,1,0,0,1,3,0,3,0,0,1,5,0,-,1,1,1,1,0,0,0,0,0,1,1,0,0,0,0,0,1,1,2,1,2,0,-,1,1,-,0,0,-,1,1,2,0,2,1,0,1,0,0,2,1,0,0,-,0,0,0,0,1,1,0,1,1,0,0,-,0,1,1,0,1,0,0,1,1,2,1,1,1,1,1,2,0,1,1,1,0,0,1,1,0,0,0,0,1,0,0,0,1,0,0,1,0,1,1,1,1,2,0,0,0,0,0,0,2,0,2,0,1,0,-,0,1,1,0,0,1,0,0,1,2,1,0,0,0,0,0,0,-,1,1,1,0,-,1,0,0,0,1,1,1,0,1,0,0,2,0,0,1,-,-,0,0,1,0,0,0,0,1,0,1,0,1,0,0,1,0,1,0,0,0,1,0,0,1,1,0,0,0,0,1,0,1,1,2,1,2,0,0,0,0,0,1,0,1,0,0,0,2,1,0,0,0,1,0,1,1,1,0,1,0,0,0,1,0,1,1,0,0,0,0,2,1,1,0,1,0,0,0,1,0,0,2,-,0,0,0,0,0,0,1,0,0,0,0,1,0,1,1,0,1,1,0,0,0,0,0,-,0,0,0,0,1,0,0,0,0,1,0,0,1,0,0,0,0,0,1,0,0,0,1,0,0,2,1,1,1,1,1,1,2,1,1,1,0,1,1,0,1,-,0,0,0,-,0,-,0,-,-,-,0,0,0,0,1,0,1,1,-,0,1,0,0,0,0,1,1,1,1
Peradenia,?,?,?,?,?,?,?,?,?,?,?,?,?,?,?,?,?,?,?,?,?,?,?,?,?,?,?,?,?,?,?,?,?,?,?,?,?,?,?,?,?,?,?,?,?,?,?,?,?,?,?,?,?,?,?,?,?,?,?,?,?,?,?,?,?,?,?,?,?,?,?,?,?,?,?,?,?,?,?,?,?,?,?,?,?,?,?,?,?,?,?,?,?,?,?,?,?,?,?,?,?,?,?,?,?,?,?,?,?,?,?,?,?,?,?,?,?,?,?,?,?,?,?,?,?,?,?,?,?,?,?,?,?,?,?,?,?,?,?,?,?,?,?,?,?,?,?,?,?,?,?,?,?,?,?,?,?,?,?,?,?,?,?,?,?,?,?,?,?,?,?,?,?,?,?,?,?,?,?,?,?,?,?,?,?,?,?,?,?,?,?,?,?,?,?,?,?,?,?,?,?,?,?,?,?,?,?,?,?,?,?,?,?,?,?,?,?,?,?,?,?,?,?,?,?,?,?,?,?,?,?,?,?,?,?,?,?,?,?,?,?,?,?,?,?,?,?,?,?,?,?,?,?,?,?,?,?,?,?,?,?,?,?,?,?,?,?,?,?,?,?,?,?,?,?,?,?,?,?,?,?,?,?,?,?,?,?,?,?,?,?,?,?,?,?,?,?,?,?,?,?,?,?,?,?,?,?,?,?,?,?,?,?,?,?,?,?,?,?,?,?,?,?,?,?,?,?,?,?,?,?,?,?,?,?,?,?,?,?,?,?,0,0,1,0,0,2,1,1,1,1,1,1,2,1,1,1,0,1,1,0,1,0,0,0,0,-,0,1,0,0,1,1,0,0,-,0,1,0,1,1,-,0,1,0,0,0,0,1,1,1,-
Periclistus,0,0,0,1,1,0,0,0,1,0,0,0,0,1,0,0,1,0,?,0,1,-,1,6,0,1,1,0,0,1,2,2,0,0,0,1,1,1,0,0,3,1,0,0,1,1,0,2,1,1,1,1,0,0,3,0,3,0,1,0,5,0,1,0,0,1,1,1,1,-,1,0,1,0,0,0,0,0,0,1,0,0,1,0,0,-,1,1,0,0,0,-,1,1,2,0,2,1,0,1,0,1,2,0,0,1,0,0,0,0,0,0,1,1,1,1,1,0,1,0,1,1,0,1,1,0,1,0,2,1,1,0,1,1,2,0,1,1,0,0,1,0,-,0,0,0,0,0,0,0,0,1,1,0,0,0,1,1,1,1,2,0,0,0,0,1,0,2,0,2,0,0,0,-,1,1,0,1,1,1,0,0,0,2,0,-,0,0,0,1,1,0,1,1,1,0,1,1,1,0,-,0,0,-,1,1,0,-,2,1,0,1,-,-,1,1,1,0,0,0,1,0,0,1,0,0,0,0,0,-,1,0,0,0,1,0,0,0,1,0,0,0,0,1,0,1,1,2,1,1,0,0,-,0,0,1,0,1,0,0,0,2,1,0,1,0,0,0,1,0,1,0,1,0,0,0,1,0,-,-,-,-,-,-,2,-,-,-,-,-,-,-,-,-,-,-,-,-,-,-,-,-,-,-,-,-,-,-,-,-,-,-,-,-,-,-,-,-,-,-,-,-,-,-,-,-,-,-,-,-,-,-,-,-,-,-,-,-,-,-,-,0,0,1,1,1,2,1,1,1,1,1,1,2,1,1,0,1,1,1,0,1,0,0,0,0,-,0,1,0,1,1,0,0,0,0,0,1,0,1,1,-,0,1,0,0,0,0,1,1,0,1
Phaenoserphus,0,0,0,1,1,0,0,0,-,-,0,0,1,1,1,-,2,1,0,-,-,-,?,?,?,?,?,?,?,?,?,?,?,?,?,?,?,?,?,?,?,?,?,?,?,?,?,?,?,?,?,?,?,?,?,?,?,?,?,?,?,?,?,?,?,?,?,?,0,0,0,0,1,0,0,0,1,0,0,1,1,2,1,2,0,-,1,1,-,0,0,-,1,1,2,0,2,1,0,1,0,1,2,1,0,1,-,0,1,0,0,1,0,0,1,1,1,-,1,0,1,1,-,1,1,0,1,1,2,0,2,-,0,1,0,0,1,1,1,0,0,0,-,0,0,0,0,1,0,1,0,1,1,0,1,0,1,1,0,1,2,0,0,0,0,1,0,2,0,2,0,0,0,-,0,1,1,1,1,0,0,1,0,1,0,-,0,0,0,1,1,1,1,1,1,0,0,1,0,0,0,1,1,0,1,1,0,0,2,0,0,1,-,-,1,1,1,0,0,1,1,1,1,1,0,1,0,0,0,-,1,0,0,0,1,0,0,0,2,0,0,0,0,1,0,1,1,2,1,1,0,0,0,0,1,1,0,1,0,0,1,2,1,0,1,0,1,0,-,-,-,-,-,-,-,-,-,-,-,-,-,-,-,-,2,-,-,-,-,-,-,-,-,-,-,-,-,-,-,-,-,-,-,-,-,-,-,-,-,-,-,-,-,-,-,-,-,-,-,-,-,-,-,-,-,-,-,-,-,-,-,-,-,-,-,-,-,-,-,-,-,0,0,1,0,0,2,1,1,1,1,1,1,2,1,1,0/1,0,1,1,0,1,-,0,0,0,-,0,-,0,-,-,1,0,0,0,0,1,0,1,1,-,0,1,0,0,0,0,1,1,1,1
Pimpla,0,1,0,1,1,-,0,0,-,0,0,0,0,1,-,-,-,1,0,-,-,-,?,?,?,?,?,?,?,?,?,?,?,?,?,?,?,?,?,?,?,?,?,?,?,?,?,?,?,?,?,?,?,?,?,?,?,?,?,?,?,?,?,?,?,?,?,?,1,0,0,0,1,0,0,0,0,0,0,0,0,0,1,0,0,-,0,-,-,0,1,1,1,1,2,0,2,1,0,1,0,0,2,1,0,0,-,1,1,0,0,1,1,0,1,1,0,0,1,0,1,1,0,1,0,0,1,1,2,0,2,-,0,1,0,0,1,1,0,0,0,1,-,0,0,0,0,0,0,0,0,1,1,0,1,0,1,0,1,1,2,0,0,0,0,0,0,2,0,2,0,1,1,0,0,1,1,1,1,0,0,0,0,0,1,0,0,0,0,1,1,1,1,1,1,0,1,1,0,0,0,1,1,0,0,1,0,0,2,0,0,1,-,-,1,1,1,0,0,0,2,1,0,1,0,0,0,0,1,0,1,0,1,0,1,0,0,1,1,0,0,0,0,1,0,1,1,2,0,2,0,0,-,0,0,0,1,0,0,0,0,2,1,1,0,0,1,0,0,0,1,1,0,0,0,1,0,0,-,-,-,-,-,-,2,-,-,-,-,-,-,-,-,-,-,-,-,-,-,-,-,-,-,-,-,-,-,-,-,-,-,-,-,-,-,-,-,-,-,-,-,-,-,-,-,-,-,-,-,-,-,-,-,-,-,-,-,-,-,-,-,0,1,0,0,0,2,1,1,1,0/1,0,1,2,1,1,0,1,1,0,0,0,0,0,0,0,-,0,-,0,-,-,1,1,0,1,1,0,1,1,?,1,0,1,0,0,1,0,1,1,1,0
Pison,0,0,1,1,0,0,0,0,1,0,0,0,0,1,0,0,0,1,1,0,1,1,1,0,0,0,1,0,0,-,2,0,0,1,0,1,1,1,2,2,1,1,1,0,0,1,1,3,1,0,0,0,0,2,3,1,4,0,-,0,6,0,-,0,0,1,1,0,0,0,0,0,0,0,0,0,0,0,0,0,2,1,1,1,0,-,0,-,-,-,0,0,1,1,2,0,2,1,0,1,0,0,2,1,1,0,-,1,1,0,0,1,1,0,1,1,1,0,1,0,1,1,0,1,0,0,1,0,2,1,2,-,1,1,2,1,1,1,0,0,0,1,0,0,0,0,0,0,0,0,0,1,1,1,0,0,1,0,1,1,2,0,1,0,0,1,0,2,0,0,0,1,1,-,0,1,0,0,0,1,0,1,0,-,1,0,0,0,0,1,1,1,1,1,0,0,1,1,0,0,0,1,1,0,0,1,0,-,2,0,0,1,-,-,0,1,1,1,-,1,2,0,-,1,0,1,0,0,1,0,1,0,0,0,1,0,1,-,2,0,0,0,0,1,0,1,1,0,0,1,0,1,-,0,0,0,0,1,0,0,0,2,0,1,-,-,1,0,0,0,1,1,0,1,0,0,0,0,0,0,0,0,0,0,1,-,1,0,1,1,0,1,1,0,0,1,0,0,0,0,0,0,1,1,1,0,0,0,1,0,1,0,0,1,1,0,0,0,0,1,-,1,0,0,0,0,0,0,0,0,1,0,0,0,1,0,1,0,0,1,0,0/2,0,0,0,0,2,1,1,1,0,0,1,2,1,1,0,1,1,0,0,0,-,0,0,1,-,1,-,0,-,-,0,0,1,0,0,0,0,1,0,1,1,1,1,1,1,1,1,0,1,0
Plumarius,0,0,0,1,1,0,0,0,1,0,0,0,0,1,0,0,0,1,2,0,1,1,?,?,?,?,?,?,?,?,?,?,?,?,?,?,?,?,?,?,?,?,?,?,?,?,?,?,?,?,?,?,?,?,?,?,?,?,?,?,?,?,?,?,?,?,?,?,1,-,0,0,1,0,0,0,0,0,1,0,2,1,0,0,1,1,-,1,1,-,0,0,1,1,1,-,2,1,0,1,0,0,2,1,0,0,-,1,1,0,0,1,0,0,1,1,0,-,-,0,1,1,-,1,0,0,0,0,2,1,2,-,1,0,2,0,1,1,0,0,0,1,1,0,0,0,0,0,0,0,0,1,1,0,1,0,1,0,1,1,2,0,0,0,0,0,0,2,1,0,0,1,1,-,0,1,0,0,0,1,0,0,0,1,1,0,1,0,0,1,1,1,1,1,1,0,-,1,0,0,0,1,1,1,0,1,0,0,2,0,0,1,-,-,0,1,1,0,0,0,0,1,0,1,0,0,0,0,1,0,1,0,1,0,1,0,0,1,1,0,0,0,0,1,0,1,1,0,0,1,1,0,0,0,0,0,0,0,0,0,0,2,1,1,0,0,1,0,0,0,1,1,0,1,0,0,0,0,0,0,0,0,0,0,0,-,1,0,0,-,0,0,0,0,0,-,-,0,0,0,0,0,0,1,1,0,0,1,-,1,1,0,0,1,1,1,0,0,0,1,0,1,0,0,0,0,0,0,1,1,1,0,0,0,1,0,1,0,0,1,0,2,0,0,0,0,2,1,1,1,0,0,1,2,1,1,0,1,1,0,0,0,?,?,?,?,?,?,?,?,?,?,?,?,?,?,?,?,?,?,?,?,?,?,?,?,?,?,?,0,?,?
Poecilopsilus,0,1,0,1,1,1,0,0,1,0,0,0,0,1,1,0,2,1,0,1,1,1,1,0,0,1,1,0,0,0,2,-,-,1,0,1,1,1,0,-,2,1,1,0,0,1,0,2,3,0,0,1,0,0,3,0,3,0,0,1,5,0,0,1,0,0,1,0,0,1,0,0,1,0,0,0,0,0,0,1,0,0,1,1,0,-,1,1,0,0,0,-,1,1,2,0,2,1,0,1,-,0,2,1,0,0,-,0,1,0,0,1,1,0,1,1,0,0,1,0,1,1,0,1,1,0,1,0,2,0,0,0,1,1,2,0,1,1,0,0,1,1,0,0,0,0,0,1,0,0,0,1,0,0,0,0,1,1,1,1,2,0,0,0,0,1,0,2,0,2,0,1,1,1,0,1,0,1,1,0,0,0,0,1,1,0,0,0,0,1,1,0,1,1,1,-,1,1,0,0,0,-,1,1,0,1,0,0,2,0,0,1,-,-,1,1,1,0,0,0,1,0,1,1,0,1,0,0,0,-,1,0,0,0,1,0,0,1,1,0,0,0,0,1,0,1,1,2,1,2,0,1,0,0,0,0,1,1,0,0,0,2,1,0,1,0,0,0,1,1,1,0,1,0,0,0,1,0,0,1,0,0,0,0,2,0,0,0,0,0,0,0,1,0,0,1,0,1,0,0,1,0,0,1,0,0,0,0,1,0,1,1,0,0,1,1,0,0,0,0,-,0,0,0,0,0,0,0,0,0,1,0,0,0,0,0,0,0,0,1,0,0,0,1,1,1,2,1,1,1,1,1,1,2,1,1,0,1,1,1,-,0,0,0,0,0,-,0,-,0,-,-,-,0,0,0,0,1,0,1,1,-,0,1,0,0,0,0,1,1,1,1
Pristaulacus,0,0,0,1,0,0,0,1,1,0,0,0,0,1,0,0,2,1,1,1,1,1,1,1,0,1,1,0,0,2,2,0,0,0,0,1,1,1,0,2,3,1,1,0,0,1,0,2,1,1,1,1,0,0,3,1,4,0,1,1,6,0,0,0,0,1,1,0,1,0,0,1,-,0,0,0,0,0,1,0,0,0,1,0,0,-,0,-,-,-,0,0,1,1,2,0,2,1,1,1,1,0,2,0,0,1,0,1,0,1,0,1,0,0,1,0,0,0,1,0,1,1,0,1,0,0,1,0,2,1,0,0,1,1,2,1,1,1,0,0,0,1,0,0,0,0,0,0,0,0,0,1,1,0,1,1,1,0,1,1,2,0,0,0,0,0,0,2,0,1,0,1,1,0,0,1,1,1,1,1,0,1,0,0,1,1,0,0,0,1,1,0,1,1,0,0,1,1,0,0,0,1,1,0,0,1,0,0,2,0,0,1,-,-,1,1,1,0,0,1,1,0,0,1,1,2,0,0,1,0,1,1,0,0,1,0,0,1,2,0,0,0,0,1,0,1,1,0,0,2,0,0,0,0,0,0,0,0,0,0,1,2,1,2,1,0,0,0,0,0,0,-,0,0,0,0,0,0,1,0,0,1,0,0,2,1,1,0,1,1,0,1,0,0,0,1,-,0,0,0,0,0,0,1,1,0,0,0,1,0,1,0,0,0,1,0,0,0,0,1,1,1,0,0,0,0,0,0,1,0,1,0,0,0,0,0,0,0,0,1,1,0,0,0,0,0,2,1,1,1,1,1,1,2,1,1,0,1,1,0,0,0,0,0,0,0,-,0,-,0,-,-,0,0,1,0,0,1,0,1,?,-,0,1,0,0,0,0,1,1,1,0
Proctotrupes,-,-,-,-,-,-,-,-,-,-,-,-,-,-,-,-,-,-,-,-,-,-,1,5,0,0,1,0,0,1,2,0,0,0,0,1,1,1,0,-,1,1,1,0,0,1,0,2,3,1,1,1,0,0,3,0,3,0,0,1,4,0,0,0,1,1,1,0,0,0,0,0,1,0,0,0,1,0,0,1,1,2,1,2,0,-,1,1,-,0,0,-,1,1,2,0,2,1,0,1,0,1,2,1,0,1,0,0,1,0,0,1,0,0,1,1,0,0,1,0,1,1,0,1,0,0,1,1,2,0,2,-,1,1,0,0,1,1,1,0,0,1,-,0,0,0,0,1,0,1,0,1,1,0,1,0,1,1,0,1,2,0,0,0,0,1,0,2,0,2,0,0,0,-,0,1,1,1,1,0,0,1,0,1,1,0,0,0,0,1,1,1,1,1,1,0,0,1,0,0,0,1,1,0,0,1,0,0,2,0,0,1,-,-,0,1,1,0,0,1,1,1,1,1,0,1,0,0,0,-,1,0,0,0,1,0,0,0,2,0,0,0,0,1,0,1,1,2,1,2,0,0,-,0,1,0,0,1,0,0,0,2,1,0,1,0,1,0,1,-,1,0,1,0,0,0,1,0,1,1,0,0,0,0,2,0,1,0,1,0,0,0,1,0,0,2,0,0,0,0,0,1,0,1,1,0,0,0,1,0,1,1,0,1,1,0,0,0,0,0,-,0,0,0,0,1,0,0,0,0,1,0,0,1,0,0,0,0,0,1,0,0,0,1,0,0,2,1,1,1,1,1,1,2,1,1,0,0,1,1,0,1,0,0,0,0,-,0,1,0,1,1,1,0,0,0,0,1,0,1,1,-,0,1,0,0,0,0,1,1,1,1
Proplatygaster,0,0,0,0,0,0,1,0,1,0,0,0,1,1,0,0,0,1,1,-,-,-,1,1,0,0,1,0,0,-,2,1,0,2,0,-,-,1,0,0,-,-,1,0,1,1,0,2,3,1,1,0,0,0,3,0,1,0,1,0,2,0,0,?,1,1,1,1,0,0,0,0,1,0,0,0,0,0,0,1,1,0,1,2,0,-,1,1,0,-,0,-,1,1,2,0,2,1,0,0,-,1,2,1,0,-,-,0,1,0,0,1,1,0,1,1,0,0,1,0,1,1,0,0,-,-,1,-,2,1,0,0,1,1,2,0,1,1,1,0,1,1,1,0,0,0,0,0,0,0,0,1,1,0,0,0,1,0,1,1,2,0,0,0,0,1,0,2,0,2,0,1,1,0,0,1,0,1,1,1,0,0,1,2,0,-,0,0,0,1,0,-,1,1,1,0,1,1,0,0,-,-,1,1,0,1,0,-,2,0,0,1,-,-,1,1,1,0,0,0,0,0,0,1,0,1,1,0,0,-,1,0,1,0,1,0,0,1,2,0,0,0,0,1,0,1,1,2,0,2,0,0,-,0,0,1,0,1,0,0,0,2,1,0,0,0,1,0,1,0,1,0,1,-,0,0,1,0,-,-,-,-,-,-,-,-,-,-,-,-,-,-,-,-,-,-,-,-,-,-,-,-,-,-,-,-,-,-,-,-,-,-,-,-,-,-,-,-,-,-,-,-,-,-,-,-,-,-,-,-,-,-,-,-,-,-,-,-,-,-,-,0,0,1,1,1,2,1,1,1,1,1,1,2,1,1,0,1,1,1,0,0,0,0,0,0,-,0,-,0,-,-,0,1,0,0,0,1,0,1,0,-,0,1,0,0,0,0,1,1,1,1
Pseudofoenus,0,0,0,1,1,0,0,0,1,0,0,0,0,1,0,0,1,1,2,1,1,1,1,0,0,1,1,0,0,2,2,0,0,0,0,1,1,1,0,2,3,1,1,0,0,1,0,2,1,1,1,1,0,2,3,1,4,0,-,0,6,0,-,0,0,2,1,0,1,0,0,1,-,0,0,0,0,0,1,0,2,1,1,0,0,-,0,-,-,-,0,0,1,1,2,1,2,1,1,1,1,0,2,0,0,1,0,1,0,0,0,1,1,0,1,0,0,0,1,0,1,1,0,0,-,-,1,-,2,1,0,2,1,1,2,1,1,1,0,0,0,1,0,0,0,1,0,0,0,0,0,1,1,0,0,1,1,0,1,1,2,1,0,0,0,1,0,2,0,1,0,0,1,1,0,1,1,1,1,1,0,0,0,0,1,1,0,0,0,1,1,0,1,1,0,0,1,1,0,0,0,1,1,0,0,1,0,0,2,0,0,1,-,-,0,1,1,0,0,1,1,0,0,1,0,2,0,0,1,0,1,1,0,0,1,0,0,1,2,0,0,0,0,1,0,1,1,0,0,2,1,1,-,-,0,0,0,0,0,0,0,2,1,3,1,0,0,0,1,0,0,-,0,0,0,0,0,0,1,0,0,1,0,0,2,1,1,0,1,1,0,1,0,0,0,1,-,0,0,0,0,0,0,1,1,0,0,0,1,0,1,0,0,0,1,0,0,0,0,1,1,1,0,0,0,0,0,0,1,0,1,0,0,0,0,0,0,0,0,1,1,0,0,0,0,0,2,1,1,1,1,1,1,2,1,1,0,1,1,1,0,0,0,0,0,0,-,0,-,0,-,-,0,0,1,0,0,1,0,1,?,-,0,1,0,0,0,0,0,0,-,0
Psilocharis,?,?,?,?,?,?,?,?,?,?,?,?,?,?,?,?,?,?,?,?,?,?,1,0,0,0,1,0,0,1,0,1,1,1,0,1,1,1,0,0,3,0,1,0,1,1,0,2,2,0,1,0,0,0,3,0,2,0,0,1,3,0,0,0,0,0,1,0,?,?,?,?,?,?,?,?,?,?,?,?,?,?,?,?,?,?,?,?,?,?,?,?,?,?,?,?,?,?,?,?,?,?,?,?,?,?,?,?,?,?,?,?,?,?,?,?,?,?,?,?,?,?,?,?,?,?,?,?,?,?,?,?,?,?,?,?,?,?,?,?,?,?,?,?,?,?,?,?,?,?,?,?,?,?,?,?,?,?,?,?,?,?,?,?,?,?,?,?,?,?,?,?,?,?,?,?,?,?,?,?,?,?,?,?,?,?,?,?,?,?,?,?,?,?,?,?,?,?,?,?,?,?,?,?,?,?,?,?,?,?,?,?,?,?,?,?,?,?,?,?,?,?,?,?,?,?,?,?,?,?,?,?,?,?,?,?,?,?,?,?,?,?,?,?,?,?,?,?,?,?,?,?,?,?,?,?,?,?,?,?,?,?,?,?,?,?,?,?,?,?,?,?,?,?,?,?,?,?,?,?,?,?,?,?,?,?,?,?,?,?,?,?,?,?,?,?,?,?,?,?,?,?,?,?,?,?,?,?,?,?,?,?,?,?,?,?,?,?,?,?,?,?,?,?,?,?,?,?,?,?,?,?,?,?,?,?,?,?,?,?,?,?,?,?,?,?,?,?,?,?,?,?,?,?,?,?,?,?,?,?,?,?,?,?,?,?,?,?,?,?,?,?,?,?,?,?,?,?,?,?,?,?,?,?,?,?,?,?,?,?,?,?
Rhopalosoma,0,0,1,1,1,0,0,0,1,0,0,0,0,1,0,0,1,1,1,0,1,1,?,?,?,?,?,?,?,?,?,?,?,?,?,?,?,?,?,?,?,?,?,?,?,?,?,?,?,?,?,?,?,?,?,?,?,?,?,?,?,?,?,?,?,?,?,?,0,0,0,0,0,0,0,0,0,0,1,0,2,1,1,0,1,1,0,1,0,-,0,0,1,1,2,0,2,1,0,1,0,0,2,0,0,0,-,1,1,0,0,1,1,2,1,0,0,0,1,0,1,1,0,1,0,0,1,0,2,1,2,-,1,0,2,0,1,0,0,0,0,1,1,0,0,0,0,0,0,0,0,1,0,0,0,0,1,0,1,1,2,1,0,0,0,1,0,2,1,2,0,1,1,0,0,1,0,0,0,1,0,0,0,0,1,0,0,1,0,1,1,1,1,1,1,0,0,1,0,0,0,1,1,1,0,1,0,0,2,0,0,1,-,-,1,1,1,0,0,1,1,0,1,0,1,0,0,0,1,0,1,1,0,0,1,0,0,0,1,0,0,0,0,1,0,1,1,0,0,2,0,1,0,0,0,0,0,0,0,0,0,2,0,1,-,-,1,0,0,0,1,1,0,0,0,0,1,0,-,-,-,-,-,-,-,-,-,-,-,-,-,-,-,-,-,-,-,-,-,-,-,-,-,-,-,-,-,-,-,-,-,-,-,-,-,-,-,-,-,-,-,-,-,-,-,-,-,-,-,-,-,-,-,-,-,-,-,-,-,-,-,2,1,0,0,0,2,1,1,1,0,0,1,2,1,1,0,1,1,0,0,0,0,0,0,2,-,1,1,0,1,1,1,0,1,0,0,0,0,1,1,1,1,1,1,1,1,1,1,0,1,0
Rhysipolis,0,-,1,1,1,-,0,0,-,0,0,0,0,1,1,-,-,1,0,-,-,-,1,5,0,0,1,0,0,-,-,0,0,0,-,-,-,-,-,-,1,1,1,0,-,2,0,2,1,1,1,-,0,0,3,1,3,0,-,1,6,0,-,0,-,-,1,0,0,0,0,1,-,0,0,1,0,0,0,0,2,1,1,0,0,-,0,-,-,0,1,0,1,1,2,0,2,1,0,1,0,0,2,1,1,1,0,0,0,0,0,1,0,0,1,1,0,-,1,0,1,1,-,1,0,0,1,0,2,0,0,1,0,1,2,0,1,1,0,0,0,1,0,0,0,0,0,0,0,1,0,1,1,0,1,0,1,0,0,1,2,0,0,0,0,0,0,2,0,2,0,1,1,1,0,1,1,1,0,0,0,1,0,0,1,0,0,0,0,1,1,1,1,1,1,0,1,1,0,0,-,1,1,1,0,1,0,0,2,0,0,1,-,-,1,1,1,0,0,1,2,0,1,1,0,1,0,0,0,-,1,0,0,0,1,0,0,1,1,0,0,0,0,1,0,1,1,1,0,2,0,1,-,0,1,1,1,0,0,1,1,2,0,1,-,-,1,0,0,0,1,1,1,0,0,1,0,0,-,-,-,-,-,-,2,-,-,-,-,-,-,-,-,-,-,-,-,-,-,-,-,-,-,-,-,-,-,-,-,-,-,-,-,-,-,-,-,-,-,-,-,-,-,-,-,-,-,-,-,-,-,-,-,-,-,-,-,-,-,-,-,0,1,0,0,0,2,1,1,1,1,1,1,2,1,1,0,1,1,0,0,0,0,0,0,0,-,0,-,0,-,-,0,1,0,1,1,0,1,1,?,-,0,1,0,0,1,0,1,0,1,0
Ropronia,0,0,0,1,1,0,0,0,1,0,0,0,1,1,1,0,2,1,0,1,1,1,1,0,0,1,1,0,0,0,2,0,0,0,0,1,1,1,0,-,2,1,1,0,0,1,0,2,1,0,1,1,0,0,3,0,3,0,-,1,4,0,0,1,1,1,1,0,0,0,0,0,1,1,0,0,0,0,0,1,0,0,1,0,1,1,-,1,0,-,0,0,1,1,2,0,2,1,0,1,0,0,2,1,0,0,-,1,0,0,0,1,1,0,1,1,0,0,1,0,1,1,0,1,0,0,0,1,2,1,0,0,1,1,2,0,1,1,1,0,0,1,1,0,0,0,0,1,0,0,0,1,0,0,1,0,1,0,0,1,2,0,0,0,0,1,0,2,0,2,0,0,0,-,0,1,0,1,1,1,0,0,1,1,0,-,0,0,0,1,1,1,1,1,1,0,1,1,0,0,0,1,1,1,0,1,0,0,2,0,0,1,-,-,1,0,1,0,0,1,1,0,1,1,0,1,0,0,0,-,1,1,0,0,1,0,0,1,1,0,0,0,0,1,0,1,1,0,1,1,0,0,0,0,0,0,1,0,0,0,0,2,1,0,1,0,1,0,1,1,1,0,1,0,0,0,0,0,0,1,0,0,0,0,2,1,1,0,1,0,0,0,-,0,0,-,0,0,0,0,0,0,0,1,1,0,0,0,1,0,1,1,0,1,1,0,0,0,0,1,0,0,0,0,0,1,0,0,0,0,1,-,-,0,0,0,0,0,0,1,0,0,0,1,0,0,2,1,1,1,1,1,1,2,1,1,1,0,1,1,0,1,0,0,0,0,-,0,-,0,-,-,1,0,0,0,0,1,0,1,1,-,0,1,0,0,0,0,1,1,1,1
Runaria,?,?,?,?,?,?,?,?,?,?,?,?,?,?,?,?,?,?,?,?,?,?,1,0,0,-,0,0,0,-,1,0,0,0,0,1,1,0,0,0,-,-,-,-,-,-,-,0,-,-,-,-,0,-,1,0,4,-,-,0,-,0,-,-,-,-,1,-,?,?,?,?,?,?,?,?,?,?,?,?,?,?,?,?,?,?,?,?,?,?,?,?,?,?,?,?,?,?,?,?,?,?,?,?,?,?,?,?,?,?,?,?,?,?,?,?,?,?,?,?,?,?,?,?,?,?,?,?,?,?,?,?,?,?,?,?,?,?,?,?,?,?,?,?,?,?,?,?,?,?,?,?,?,?,?,?,?,?,?,?,?,?,?,?,?,?,?,?,?,?,?,?,?,?,?,?,?,?,?,?,?,?,?,?,?,?,?,?,?,?,?,?,?,?,?,?,?,?,?,?,?,?,?,?,?,?,?,?,?,?,?,?,?,?,?,?,?,?,?,?,?,?,?,?,?,?,?,?,?,?,?,?,?,?,?,?,?,?,?,?,?,?,?,?,?,?,?,?,?,?,?,?,?,?,?,?,?,?,?,?,?,?,?,?,?,?,?,?,?,?,?,?,?,?,?,?,?,?,?,?,?,?,?,?,?,?,?,?,?,?,?,?,?,?,?,?,?,?,?,?,?,?,?,?,?,?,?,?,?,?,?,?,?,?,?,?,?,?,?,?,?,?,?,?,?,?,?,?,?,?,?,?,?,?,?,?,?,?,?,?,?,?,?,?,?,?,?,?,?,?,?,?,?,?,?,?,?,?,?,?,?,?,?,?,?,?,?,?,?,?,?,?,?,?,?,?,?,?,?,?,?,?,?,?,?,?,?,?,0,?,0,-
Sapyga,0,0,1,1,0,0,2,0,1,0,0,0,0,1,0,0,1,0,?,0,1,1,1,-,1,-,1,0,0,0,2,-,-,-,-,1,1,1,0,0,3,1,1,0,0,1,0,4,3,0,0,0,1,0,3,0,4,0,0,2,6,0,0,0,1,1,1,0,0,0,0,0,0,1,1,0,0,0,0,0,2,1,0,0,0,-,0,-,-,-,1,0,1,1,2,0,2,1,0,1,0,0,2,0,0,1,0,1,0,0,0,1,1,0,1,1,0,0,1,0,1,1,0,1,0,0,0,0,2,1,2,0,1,0,2,0,1,0,0,0,-,1,0,1,0,0,0,0,0,0,0,1,0,0,1,0,1,0,1,1,2,0,0,0,0,1,0,2,1,1,0,1,1,1,0,1,1,0,0,1,0,0,0,0,1,0,0,1,0,1,1,0,1,1,0,0,1,1,0,0,0,1,1,0,0,0,0,0,2,0,0,1,-,-,0,1,1,0,0,1,0,0,0,1,1,0,0,0,1,0,1,0,0,0,1,0,0,0,2,0,0,0,0,1,0,1,1,0,0,2,0,1,0,0,0,0,0,0,0,0,0,2,0,1,-,-,1,0,0,0,1,1,0,1,0,0,1,0,1,0,0,0,0,0,1,-,1,0,-,1,0,1,-,0,0,-,0,0,0,0,0,0,1,1,1,0,0,1,-,1,1,0,0,0,1,1,0,0,0,1,0,1,1,0,0,0,0,0,1,0,1,0,0,0,1,0,1,0,0,1,0,2,0,0,0,0,2,1,1,1,0,0,1,2,1,1,0,1,1,0,0,0,0,0,0,0,-,0,-,0,-,-,0,0,1,0,0,0,0,1,0,1,1,1,1,1,0,1,0,0,1,0
Schlettererius,1,0,0,0,0,0,0,0,1,0,0,0,0,1,0,0,1,1,1,1,1,1,1,0,0,0,1,0,0,-,2,0,0,0,1,1,-,1,0,1,3,1,1,0,0,0,0,3,1,0,1,0,0,0,3,1,4,0,0,0,6,0,0,0,0,0,1,-,0,0,0,0,1,1,0,0,0,0,0,1,2,1,0,0,1,1,-,0,0,-,0,0,1,1,2,0,2,1,0,1,0,0,2,0,0,1,0,1,0,0,0,1,1,0,1,0,0,0,1,0,1,1,0,1,0,0,0,0,0,1,0,1,1,1,2,1,0,1,0,0,0,1,1,0,0,0,0,0,0,0,0,1,1,0,1,1,1,0,1,1,2,0,0,0,1,0,0,2,0,0,0,0,0,-,0,1,1,0,0,1,0,0,0,0,1,0,0,1,0,1,1,1,1,1,0,0,1,1,0,0,0,1,0,-,-,1,0,0,2,0,0,1,-,-,0,1,1,0,0,1,1,0,1,1,0,0,0,0,1,1,0,-,0,0,1,0,0,0,0,0,1,1,0,1,0,1,1,0,0,2,1,1,0,0,0,0,0,0,1,1,0,2,0,1,-,-,0,0,0,1,1,0,1,0,0,0,0,1,-,-,-,-,-,-,0,-,-,-,-,-,-,-,-,-,-,-,-,-,-,-,-,-,-,-,-,-,-,-,-,-,-,-,-,-,-,-,-,-,-,-,-,-,-,-,-,-,-,-,-,-,-,-,-,-,-,-,-,-,-,-,-,0,0,0,1,0,2,1,1,1,1,1,1,2,1,1,0,1,0,1,0,0,2,0,0,0,-,0,0,?,0,1,1,0,1,0,0,0,0,1,1,-,0,1,0,0,0,0,-,0,1,1
Sirex,?,?,?,?,?,?,?,?,?,?,?,?,?,?,?,?,?,?,?,?,?,?,1,2,0,0,1,0,0,0,2,0,0,0,0,1,1,0,0,0,3,1,1,0,0,0,1,5,3,0,0,-,0,0,4,0,3,2,0,0,1,0,?,?,?,3,1,0,?,?,?,?,?,?,?,?,?,?,?,?,?,?,?,?,?,?,?,?,?,?,?,?,?,?,?,?,?,?,?,?,?,?,?,?,?,?,?,?,?,?,?,?,?,?,?,?,?,?,?,?,?,?,?,?,?,?,?,?,?,?,?,?,?,?,?,?,?,?,?,?,?,?,?,?,?,?,?,?,?,?,?,?,?,?,?,?,?,?,?,?,?,?,?,?,?,?,?,?,?,?,?,?,?,?,?,?,?,?,?,?,?,?,?,?,?,?,?,?,?,?,?,?,?,?,?,?,?,?,?,?,?,?,?,?,?,?,?,?,?,?,?,?,?,?,?,?,?,?,?,?,?,?,?,?,?,?,?,?,?,?,?,?,?,?,?,?,?,?,?,?,?,?,?,?,?,?,?,?,?,?,?,?,?,?,?,?,?,?,?,?,?,?,?,?,?,?,?,?,?,?,?,?,?,?,?,?,?,?,?,?,?,?,?,?,?,?,?,?,?,?,?,?,?,?,?,?,?,?,?,?,?,?,?,?,?,?,?,?,?,?,?,?,?,?,?,?,?,?,?,?,?,?,?,?,?,?,?,?,?,?,?,?,?,?,?,?,?,?,?,?,?,?,?,?,?,?,?,?,?,?,?,?,?,?,?,?,?,?,?,?,?,?,?,?,?,?,?,?,?,?,?,?,?,?,?,?,?,?,?,?,?,?,?,?,?,?,?,?,?,?,?,?
Spalangia,0,1,0,0,0,0,0,0,1,0,-,1,-,1,0,0,2,1,0,-,-,-,?,?,?,?,?,?,?,?,?,?,?,?,?,?,?,?,?,?,?,?,?,?,?,?,?,?,?,?,?,?,?,?,?,?,?,?,?,?,?,?,?,?,?,?,?,?,0,0,0,0,0,0,0,0,0,0,1,0,0,0,0,0,1,0,0,0,2,-,2,0,1,1,2,0,2,1,0,-,-,0,2,0,0,-,-,0,1,0,0,1,1,0,1,1,1,0,1,0,1,1,0,1,0,1,0,0,2,0,0,0,0,1,2,1,1,1,0,1,0,1,0,0,0,0,1,0,0,0,0,1,1,0,0,0,1,0,1,1,2,0,1,0,0,1,0,2,0,0,0,0,0,-,0,1,0,0,1,0,0,0,1,2,1,0,1,0,1,1,1,0,1,1,1,0,1,1,0,0,0,1,1,1,0,1,0,0,2,0,0,1,-,-,1,-,1,0,0,1,0,1,0,1,0,0,0,0,0,-,1,0,1,1,1,1,0,1,2,0,0,0,0,1,0,1,1,0,0,-,0,0,-,0,1,0,1,1,0,0,0,2,1,0,1,0,0,0,1,1,1,0,0,-,0,0,0,1,0,1,0,0,0,0,0,-,1,0,1,0,0,0,0,0,0,3,0,0,0,1,1,0,0,1,1,0,0,1,1,0,1,1,0,0,0,-,0,0,0,0,-,0,0,0,0,1,0,0,0,0,0,-,-,0,0,0,0,0,0,1,0,?,?,?,?,?,?,?,?,?,?,?,?,?,?,?,?,?,?,?,?,?,?,?,?,?,?,?,?,?,?,?,?,?,?,?,?,?,?,?,?,?,?,?,?,?,?,?,?,?,?,?
Sparasion,0,0,0,0,0,0,2,0,1,0,0,0,0,1,0,0,1,1,0,0,1,-,?,?,?,?,?,?,?,?,?,?,?,?,?,?,?,?,?,?,?,?,?,?,?,?,?,?,?,?,?,?,?,?,?,?,?,?,?,?,?,?,?,?,?,?,?,?,0,1,0,0,1,1,0,0,0,0,0,1,1,0,1,2,0,-,1,1,0,-,0,-,1,1,2,0,2,1,0,0,-,0,2,1,0,0,-,0,1,0,1,1,1,0,1,1,0,0,1,0,1,1,0,1,0,0,1,1,2,0,2,-,0,1,2,0,1,1,0,0,0,1,1,0,0,0,0,1,0,0,0,1,0,0,0,0,1,0,0,1,2,0,0,0,0,1,0,2,0,2,0,0,0,-,0,1,0,1,1,0,0,0,1,2,0,-,0,0,0,1,1,0,1,1,1,0,0,1,0,0,0,1,1,1,0,1,0,0,2,0,0,1,-,-,1,1,1,0,0,1,2,1,0,1,0,1,0,0,1,0,1,0,0,0,1,0,0,1,2,0,0,0,0,1,0,1,1,0,0,-,0,0,-,0,0,1,0,1,0,0,1,2,1,1,0,0,1,0,0,0,1,1,1,0,0,0,1,1,0,1,0,0,1,1,2,1,1,0,0,0,0,-,0,0,1,1,0,0,0,0,0,0,0,1,1,0,0,0,1,0,1,1,0,1,1,0,0,0,0,0,-,0,0,0,0,0,0,0,0,0,1,0,0,0,0,0,0,0,0,1,0,?,?,?,?,?,?,?,?,?,?,?,?,?,?,?,?,?,?,?,?,?,0,0,0,0,-,0,-,0,-,-,1,1,0,0,0,1,0,1,0,-,0,1,0,0,0,0,1,1,1,1
Stangeella,0,0,0,1,1,0,0,0,1,0,0,0,0,1,0,0,0,1,1,0,1,1,1,0,0,0,1,0,0,0,2,0,0,1,0,1,1,1,2,2,3,0,1,0,0,1,0,2,1,0,0,0,0,2,3,1,4,0,0,0,6,0,0,0,1,0,1,0,0,0,0,0,1,0,0,0,0,0,1,0,2,1,1,1,0,-,0,-,-,-,0,0,1,1,2,0,2,1,0,1,0,0,2,0,0,0,-,1,1,0,0,1,1,1,1,0,0,-,1,0,1,1,-,1,0,0,1,0,2,1,2,-,1,1,2,1,1,1,0,0,0,1,0,0,0,0,0,0,0,0,0,1,1,1,0,1,1,0,1,1,2,0,1,0,0,1,0,2,1,1,0,1,1,0,0,1,1,0,0,1,0,1,0,-,1,0,1,0,0,1,1,1,1,1,0,0,1,1,0,0,0,1,1,0,0,1,0,0,2,0,0,1,-,-,0,1,1,1,-,1,2,0,-,1,0,1,0,0,1,0,1,0,0,0,1,0,1,-,2,0,0,0,0,1,0,1,1,0,0,2,0,1,-,0,0,0,0,1,0,0,0,2,1,0,1,0,1,0,1,1,1,1,0,0,0,0,1,0,-,-,-,-,-,-,1,-,-,-,-,-,-,-,-,-,-,-,-,-,-,-,-,-,-,-,-,-,-,-,-,-,-,-,-,-,-,-,-,-,-,-,-,-,-,-,-,-,-,-,-,-,-,-,-,-,-,-,-,-,-,-,-,2,0,0,0,0,2,1,1,1,0,0,1,2,1,1,0,1,1,0,0,0,0,0,0,0,0,0,0,0,0,0,0,0,1,0,0,0,0,1,1,1,1,1,1,1,1,1,1,0,1,0
Sterictiphora,?,?,?,?,?,?,?,?,?,?,?,?,?,?,?,?,?,?,?,?,?,?,1,0,0,0,0,0,0,-,0,-,-,-,0,1,-,0,0,0,-,-,-,0,-,-,-,0,-,-,-,-,-,-,1,0,4,0,-,0,-,0,-,-,-,-,1,-,?,?,?,?,?,?,?,?,?,?,?,?,?,?,?,?,?,?,?,?,?,?,?,?,?,?,?,?,?,?,?,?,?,?,?,?,?,?,?,?,?,?,?,?,?,?,?,?,?,?,?,?,?,?,?,?,?,?,?,?,?,?,?,?,?,?,?,?,?,?,?,?,?,?,?,?,?,?,?,?,?,?,?,?,?,?,?,?,?,?,?,?,?,?,?,?,?,?,?,?,?,?,?,?,?,?,?,?,?,?,?,?,?,?,?,?,?,?,?,?,?,?,?,?,?,?,?,?,?,?,?,?,?,?,?,?,?,?,?,?,?,?,?,?,?,?,?,?,?,?,?,?,?,?,?,?,?,?,?,?,?,?,?,?,?,?,?,?,?,?,?,?,?,?,?,?,?,?,?,?,?,?,?,?,?,?,?,?,?,?,?,?,?,?,?,?,?,?,?,?,?,?,?,?,?,?,?,?,?,?,?,?,?,?,?,?,?,?,?,?,?,?,?,?,?,?,?,?,?,?,?,?,?,?,?,?,?,?,?,?,?,?,?,?,?,?,?,?,?,?,?,?,?,?,?,?,?,?,?,?,?,?,?,?,?,?,?,?,?,?,?,?,?,?,?,?,?,?,?,?,?,?,?,?,?,?,?,?,?,?,?,?,?,?,?,?,?,?,?,?,?,?,?,?,?,?,?,?,?,?,?,?,?,?,?,?,?,?,?,?,-,?,0,-
Syntexis,0,0,0,1,1,0,0,0,1,0,1,0,0,1,0,1,2,0,?,1,0,0,1,1,0,-,1,0,1,-,2,0,0,0,0,1,-,0,0,0,-,-,-,0,-,-,-,2,-,1,-,-,0,0,2,0,3,2,-,0,-,0,-,-,-,0,1,0,1,-,0,1,0,0,0,0,0,0,0,0,2,0,0,0,1,0,-,0,0,-,0,0,0,0,2,0,2,0,0,1,0,0,2,0,0,1,0,0,0,1,0,1,0,0,1,0,0,0,1,0,0,0,0,1,1,0,0,0,0,0,0,-,0,0,0,0,0,0,0,0,0,1,-,0,0,0,0,0,1,0,0,0,0,0,1,1,1,0,0,0,0,0,0,1,0,0,1,1,0,0,1,0,0,-,0,0,0,0,1,0,1,0,0,0,1,0,0,1,0,1,1,1,1,0,0,0,1,1,0,1,1,0,1,1,0,0,1,1,0,0,1,0,1,1,0,0,0,0,0,0,0,0,0,1,0,0,0,0,1,0,0,-,0,0,1,0,0,0,0,1,0,0,0,0,0,0,1,0,0,1,0,-,1,0,-,0,0,0,0,-,0,0,0,1,-,-,-,0,0,0,-,-,0,0,0,0,0,0,-,-,-,-,-,-,0,-,-,-,-,-,-,-,-,0,-,0,-,-,-,-,-,-,-,-,-,-,-,-,-,-,-,-,-,-,-,-,-,1,1,-,-,-,-,-,-,-,-,-,-,-,-,-,-,-,-,-,-,-,-,-,-,0,0,0,0,0,2,1,0,1,0,0,1,2,1,1,0,1,1,1,0,0,1,0,0,1,1,0,1,0,1,1,1,0,0,0,0,0,0,1,0,-,0,1,0,0,0,0,0,?,0,1
Taeniogonalos,0,0,0,1,0,0,1,0,1,0,0,0,0,1,0,0,2,1,0,1,1,1,1,2,0,0,1,0,0,-,-,-,0,0,0,-,-,-,-,-,3,0,0,0,-,1,0,2,1,0,-,-,0,0,-,-,3,0,-,0,6,0,-,0,0,0,1,-,0,0,0,0,1,0,0,0,0,0,1,0,2,1,1,0,0,-,1,1,0,1,0,-,1,1,2,0,2,1,0,1,0,0,2,0,0,0,-,0,0,0,0,1,1,1,1,0,0,0,1,0,1,1,0,1,0,0,1,0,2,1,0,0,1,1,2,0,1,1,0,0,0,1,1,0,0,0,0,1,0,0,0,1,0,0,1,0,1,0,1,1,2,0,0,0,0,1,0,2,1,1,0,0,0,-,0,1,1,1,1,1,0,1,0,-,1,1,0,0,0,1,1,1,1,1,0,0,1,1,0,0,0,1,1,0,0,0,0,0,2,0,0,1,-,-,0,1,1,1,0,0,1,1,-,0,1,0,0,0,1,0,1,0,0,0,1,0,0,1,2,0,0,0,0,1,1,1,1,0,0,2,0,0,-,0,0,0,0,1,0,1,0,2,0,1,-,-,1,0,0,0,1,0,0,0,0,0,0,0,1,1,0,1,0,0,2,0,1,0,1,1,0,1,0,0,0,1,0,0,0,0,0,0,0,1,1,0,0,0,1,0,1,0,0,0,1,0,0,0,0,0,-,0,0,0,0,0,0,0,1,0,1,0,0,0,0,0,0,0,0,1,0,0,0,0,0,0,2,1,1,1,0,0,1,2,1,1,0,1,1,0,0,0,0,0,0,3,-,0,1,0,0,1,1,0,1,0,0,0/1,0,1,0,-,0,1,0,0,0,0,-,1,1,0
Telenomus,0,1,0,0,0,0,2,0,1,0,0,1,0,1,0,0,1,1,0,-,1,-,?,?,?,?,?,?,?,?,?,?,?,?,?,?,?,?,?,?,?,?,?,?,?,?,?,?,?,?,?,?,?,?,?,?,?,?,?,?,?,?,?,?,?,?,?,?,0,0,0,1,-,0,0,0,0,0,0,1,0,0,1,2,0,-,1,1,0,-,0,-,1,1,2,-,2,1,0,0,-,0,2,1,0,-,-,0,1,0,1,1,1,0,1,1,1,0,1,0,1,1,0,0,-,-,1,-,2,1,2,-,0,1,2,0,1,1,0,0,0,1,-,0,0,0,0,1,0,0,0,1,0,0,0,0,1,0,0,1,2,0,0,0,0,1,0,2,0,2,0,1,1,1,0,1,0,1,1,0,0,0,1,2,0,-,0,0,0,1,1,0,1,1,1,0,1,1,0,0,-,1,1,0,0,1,0,0,2,0,0,1,-,-,1,1,1,0,0,0,1,1,0,1,0,0,0,0,0,-,1,0,0,0,0,0,0,0,2,0,0,0,0,1,0,1,1,0,0,-,0,0,-,0,0,0,0,1,0,1,1,2,1,0,0,0,0,0,0,0,0,-,1,0,0,0,1,0,0,0,0,0,1,1,2,1,1,0,0,0,0,0,0,0,1,1,0,0,0,0,0,0,0,1,1,0,0,0,1,0,1,1,0,1,1,0,0,0,0,0,-,0,0,0,0,1,0,0,0,0,1,0,0,0,0,0,0,0,0,1,0,?,?,?,?,?,?,?,?,?,?,?,?,?,?,?,?,?,?,?,?,?,?,?,?,?,?,?,?,?,?,?,?,1,0,0,0,1,0,1,0,-,0,1,0,0,0,0,1,1,1,1
Tenthredo,?,?,?,?,?,?,?,?,?,?,?,?,?,?,?,?,?,?,?,?,?,?,1,0,0,0,0,0,0,-,0,-,-,-,0,1,-,0,0,0,-,-,-,0,-,-,-,0,-,-,-,-,-,-,1,0,4,0,-,0,-,0,-,-,-,-,1,0,?,?,?,?,?,?,?,?,?,?,?,?,?,?,?,?,?,?,?,?,?,?,?,?,?,?,?,?,?,?,?,?,?,?,?,?,?,?,?,?,?,?,?,?,?,?,?,?,?,?,?,?,?,?,?,?,?,?,?,?,?,?,?,?,?,?,?,?,?,?,?,?,?,?,?,?,?,?,?,?,?,?,?,?,?,?,?,?,?,?,?,?,?,?,?,?,?,?,?,?,?,?,?,?,?,?,?,?,?,?,?,?,?,?,?,?,?,?,?,?,?,?,?,?,?,?,?,?,?,?,?,?,?,?,?,?,?,?,?,?,?,?,?,?,?,?,?,?,?,?,?,?,?,?,?,?,?,?,?,?,?,?,?,?,?,?,?,?,?,?,?,?,?,?,?,?,?,?,?,?,?,?,?,?,?,?,?,?,?,?,?,?,?,?,?,?,?,?,?,?,?,?,?,?,?,?,?,?,?,?,?,?,?,?,?,?,?,?,?,?,?,?,?,?,?,?,?,?,?,?,?,?,?,?,?,?,?,?,?,?,?,?,?,?,?,?,?,?,?,?,?,?,?,?,?,?,?,?,?,?,?,?,?,?,?,?,?,?,?,?,?,?,?,?,?,?,?,?,?,?,?,?,?,?,?,?,?,?,?,?,?,?,?,?,?,?,?,?,?,?,?,?,?,?,?,?,?,?,?,?,?,?,?,?,?,?,?,?,?,?,0,?,0,0
Tremex,0,0,0,1,0,0,0,1,1,0,-,0,0,1,0,0,1,0,?,1,0,0,1,2,0,0,1,0,0,0,2,0,0,0,0,1,1,0,0,0,3,1,1,0,0,0,1,5,3,0,0,-,0,0,4,0,2,2,0,0,1,0,?,?,?,3,1,0,0,-,0,0,1,1,1,0,0,0,0,0,1,0,0,0,1,1,0,1,0,-,0,0,0,0,2,0,2,0,0,1,0,0,2,0,0,1,0,0,0,1,0,0,1,0,1,0,0,0,1,0,0,0,0,1,0,0,0,1,2,0,2,-,0,0,1,0,1,0,0,0,0,1,-,0,0,0,0,0,1,0,0,0,1,0,1,1,1,0,0,1,1,0,0,1,0,0,0,1,0,0,1,0,1,-,0,-,-,0,0,0,0,0,0,0,1,0,0,2,0,1,1,1,1,0,0,0,1,1,0,1,1,0,1,1,0,0,1,1,0,0,0,0,0,1,0,0,0,0,0,0,0,0,1,1,0,0,0,0,1,0,0,-,0,0,1,0,0,0,0,1,0,0,0,0,1,0,0,0,0,1,1,0,1,0,-,0,0,0,0,-,0,0,0,1,-,-,-,0,0,0,-,-,0,0,0,0,0,0,-,-,-,-,-,-,0,-,-,-,-,-,-,-,-,-,-,-,-,-,-,-,-,-,-,-,-,-,-,-,-,-,-,-,-,-,-,-,-,-,-,-,-,-,-,-,-,-,-,-,-,-,-,-,-,-,-,-,-,-,-,-,-,0,0,0,0,0,2,1,0,0,0,1,1,0,0,1,0,1,1,1,0,0,1,0,0,0,1,0,1,0,1,1,0,0,0,0,0,0,0,1,0,-,0,1,0,0,0,0,0,?,0,1
Urocerus,0,0,0,1,0,0,0,1,1,0,1,0,0,1,0,0,1,0,?,1,0,0,?,?,?,?,?,?,?,?,?,?,?,?,?,?,?,?,?,?,?,?,?,?,?,?,?,?,?,?,?,?,?,?,?,?,?,?,?,?,?,?,?,?,?,?,?,?,1,-,0,0,1,0,1,0,0,0,0,0,1,0,0,0,1,1,-,0,0,-,0,0,0,0,2,0,2,0,0,1,0,0,2,0,0,1,0,0,0,1,0,0,1,0,1,0,0,0,1,0,0,0,0,1,1,0,0,1,2,0,2,-,0,0,1,0,1,0,0,0,0,1,-,0,0,0,0,0,1,0,0,0,1,0,1,1,1,0,0,0,1,0,0,1,0,0,1,1,0,0,1,0,1,-,0,0,0,0,0,0,0,0,0,0,1,0,0,2,0,1,1,1,1,0,0,0,1,1,0,1,1,0,1,1,0,0,1,1,0,0,0,0,0,1,0,0,0,0,0,0,0,0,1,1,0,0,0,0,1,0,0,-,0,0,1,0,0,0,0,1,0,0,0,0,1,0,0,0,0,1,1,0,1,0,-,0,0,0,0,-,0,0,0,1,-,-,-,0,0,0,-,-,0,0,0,0,0,0,-,-,-,-,-,-,0,-,-,-,-,-,-,-,-,0,-,0,-,-,-,-,-,-,-,-,-,-,-,-,-,-,-,-,-,-,-,-,-,1,0,-,-,-,-,-,-,-,-,-,-,-,-,-,-,-,-,-,-,-,-,-,-,?,?,?,?,?,?,?,?,?,?,?,?,?,?,?,?,?,?,?,?,?,?,?,?,?,?,?,?,?,?,?,?,?,?,?,?,?,?,?,?,?,?,?,?,?,?,?,?,?,?,?
Urosigalphus,0,1,0,1,1,0,0,0,1,0,0,0,0,1,1,0,2,1,0,1,1,1,?,?,?,?,?,?,?,?,?,?,?,?,?,?,?,?,?,?,?,?,?,?,?,?,?,?,?,?,?,?,?,?,?,?,?,?,?,?,?,?,?,?,?,?,?,?,0,0,0,1,-,0,0,0,0,0,0,0,2,1,1,0,0,-,0,-,-,0,1,1,1,1,2,0,2,1,0,1,0,0,2,1,1,1,0,0,0,0,0,1,0,0,1,1,0,0,1,0,1,1,0,1,0,0,1,0,2,0,1,1,0,1,2,0,1,1,1,0,0,1,1,0,0,0,0,1,0,1,0,1,1,0,1,1,1,0,1,1,2,0,0,0,0,0,0,2,0,2,0,0,1,1,0,1,1,1,1,0,0,0,1,1,0,-,0,0,0,1,1,1,1,1,1,0,1,1,0,0,0,1,0,-,-,-,0,0,2,0,0,1,-,-,1,1,1,0,0,1,2,0,1,1,0,1,0,0,1,0,1,0,0,0,1,0,0,1,1,0,0,0,0,1,0,1,1,1,0,2,0,1,-,0,0,1,1,0,0,0,1,2,1,1,0,0,1,0,1,0,1,1,1,0,0,1,0,0,-,2,0,1,0,0,2,0,1,0,1,0,0,0,1,0,1,1,-,0,0,0,0,1,0,1,0,0,0,0,1,0,1,0,0,0,1,0,0,0,0,0,-,0,0,0,0,0,0,1,0,0,1,-,-,0,1,0,0,0,0,1,0,?,?,?,?,?,?,?,?,?,?,?,?,?,?,?,?,?,?,?,?,?,?,?,?,?,?,?,?,?,?,?,?,?,?,?,?,?,?,?,?,?,?,?,?,?,?,?,?,?,?,?
Vanhornia,0,1,0,0,0,0,0,0,1,0,0,0,1,1,0,0,2,1,0,1,-,-,1,0,0,0,1,0,0,-,2,0,0,0,0,1,1,1,0,2,3,1,1,0,-,1,0,2,1,1,1,1,0,0,3,0,3,0,1,1,5,0,0,1,1,1,1,0,0,0,0,0,1,1,0,0,1,0,0,1,1,0,1,1,0,-,1,1,0,-,0,-,1,1,2,0,2,1,0,1,0,1,2,1,0,1,0,0,0,0,0,1,0,0,1,1,0,0,1,0,1,1,0,1,0,0,1,1,2,1,0,0,0,1,2,0,1,1,1,0,0,1,1,0,0,0,0,1,0,1,0,1,1,0,1,0,1,1,1,1,2,0,0,0,0,1,0,2,0,2,0,0,0,-,0,1,0,1,1,1,0,0,1,2,1,0,0,0,0,1,1,1,1,1,1,0,0,1,0,0,0,1,1,1,0,1,0,0,2,0,0,1,-,-,0,0,1,0,0,1,0,1,1,1,0,1,0,0,1,0,1,0,0,0,1,0,0,1,1,0,0,0,0,1,0,1,1,2,1,2,0,0,0,0,1,1,0,1,0,0,0,2,1,0,0,0,1,0,0,0,1,0,1,0,0,0,1,1,1,2,0,0,0,1,2,0,1,0,1,0,0,0,1,0,1,-,0,1,0,0,0,0,0,1,1,0,0,0,1,0,1,1,0,1,1,0,0,0,0,0,-,0,0,0,0,1,0,0,0,0,1,-,-,1,0,0,0,0,0,1,0,0,0,1,0,0,2,1,1,1,1,1,1,2,1,1,1,0,1,1,0,1,-,0,0,0,-,-,-,-,-,-,0,0,0,0,0,1,0,1,?,-,0,1,0,0,0,0,1,1,1,1
Wroughtonia,0,1,0,1,1,0,0,0,1,0,0,0,0,1,1,0,2,1,0,1,1,1,1,5,0,0,1,0,0,1,2,0,0,0,2,1,1,1,0,0,1,1,1,0,-,2,0,2,1,1,1,0,0,0,3,1,4,0,1,1,6,0,1,0,1,0,1,0,0,0,0,1,-,0,0,0,0,0,0,0,2,0,1,0,0,-,0,-,-,0,1,1,1,1,2,0,2,1,0,1,0,0,2,1,1,1,0,1,0,0,0,1,1,0,1,1,0,0,1,0,1,1,0,1,0,0,1,0,2,0,1,1,0,1,2,0,1,1,1,0,0,1,0,0,0,0,0,0,0,1,0,1,1,0,1,1,1,0,0,1,2,0,-,0,0,0,0,2,0,2,0,1,1,1,0,1,0,1,1,0,0,0,0,2,1,0,0,0,0,1,1,1,1,1,1,0,1,1,0,0,0,1,1,1,0,1,0,0,2,0,0,1,-,-,1,1,1,0,0,1,2,1,1,1,0,1,0,0,1,0,1,0,0,0,1,0,0,1,2,0,0,1,0,1,0,1,1,1,0,2,0,0,-,0,1,1,1,0,0,0,0,2,1,1,0,0,1,0,0,0,1,1,0,0,0,1,0,0,-,-,-,-,-,-,2,-,-,-,-,-,-,-,-,-,-,-,-,-,-,-,-,-,-,-,-,-,-,-,-,-,-,-,-,-,-,-,-,-,-,-,-,-,-,-,-,-,-,-,-,-,-,-,-,-,-,-,-,-,-,-,-,2,1,0,0,0,2,1,0,1,1,1,1,2,1,1,0,1,1,0,0,0,0,0,0,-,-,0,-,0,-,-,-,1,0,1,1,0,1,1,?,-,0,1,0,0,1,0,1,1,1,0
Xiphydria,0,0,0,1,0,0,0,0,1,0,0,0,0,1,0,0,2,1,1,1,0,0,1,2,0,0,1,0,1,0,0,0,0,0,0,1,-,0,0,0,3,1,1,0,0,0,0,5,3,0,0,0,0,0,2,1,4,2,0,0,5,0,0,0,0,0,1,0,1,-,0,1,-,0,0,0,0,0,0,0,0,0,0,0,1,1,-,0,0,-,0,0,0,1,2,0,2,0,0,1,1,0,2,0,0,1,0,0,0,1,0,1,1,1,1,0,0,0,1,0,0,0,0,0,-,-,0,-,0,1,0,1,1,1,2,0,0,1,0,0,0,1,1,0,0,0,0,0,0,0,0,0,1,0,1,1,1,1,1,1,2,0,0,0,0,0,1,0,0,0,0,1,1,-,0,0,1,1,1,0,0,0,0,0,1,0,0,1,0,1,1,1,1,0,0,0,1,1,0,1,0,0,1,0,0,0,0,1,0,0,1,0,1,1,1,1,1,0,0,0,0,0,1,0,1,0,0,0,1,0,0,-,0,0,1,0,0,0,1,0,0,0,0,1,1,0,0,0,0,1,1,0,1,0,-,0,0,0,0,-,0,1,0,1,-,-,-,0,0,0,-,-,0,0,0,0,0,0,0,0,1,0,0,0,0,-,0,0,1,0,1,-,0,0,0,0,1,1,0,1,0,1,0,1,0,0,0,0,1,0,1,0,1,0,1,1,1,1,0,1,-,1,1,0,1,0,0,1,0,0,1,1,0,0,0,-,0,0,1,1,0,0,0,0,0,0,1,1,0,0,0,0,1,1,0,1,0,1,1,1,0,0,0,0,0,0,-,0,1,0,-,1,0,1,0,0,0,0,0,1,0,-,0,0,0,0,0,0,0,?,0,1
Xyela,?,?,?,?,?,?,?,?,?,?,?,?,?,?,?,?,?,?,?,?,?,?,0,0,0,0,0,1,0,1,0,0,0,0,0,1,1,0,1,0,2,1,0,0,0,0,0,0,3,1,0,-,0,1,1,0,4,1,-,0,-,1,1,0,0,0,0,0,?,?,?,?,?,?,?,?,?,?,?,?,?,?,?,?,?,?,?,?,?,?,?,?,?,?,?,?,?,?,?,?,?,?,?,?,?,?,?,?,?,?,?,?,?,?,?,?,?,?,?,?,?,?,?,?,?,?,?,?,?,?,?,?,?,?,?,?,?,?,?,?,?,?,?,?,?,?,?,?,?,?,?,?,?,?,?,?,?,?,?,?,?,?,?,?,?,?,?,?,?,?,?,?,?,?,?,?,?,?,?,?,?,?,?,?,?,?,?,?,?,?,?,?,?,?,?,?,?,?,?,?,?,?,?,?,?,?,?,?,?,?,?,?,?,?,?,?,?,?,?,?,?,?,?,?,?,?,?,?,?,?,?,?,?,?,?,?,?,?,?,?,?,?,?,?,?,?,?,?,?,?,?,?,?,?,?,?,?,?,?,?,?,?,?,?,?,?,?,?,?,?,?,?,?,?,?,?,?,?,?,?,?,?,?,?,?,?,?,?,?,?,?,?,?,?,?,?,?,?,?,?,?,?,?,?,?,?,?,?,?,?,?,?,?,?,?,?,?,?,?,?,?,?,?,?,?,?,?,?,?,?,?,?,?,?,?,?,?,?,?,?,?,0,0,0,0,0,0,0,0,0,0,0,0,1,0,0,0,1,0,1,0,0,0,0,0,0,0,0,1,0,1,1,0,0,0,0,0,0,0,1,0,0,0,0,0,0,0,0,0,?,0,0
Ycaploca,0,0,0,0,0,0,2,0,1,0,0,0,0,1,0,0,1,1,1,0,1,1,?,?,?,?,?,?,?,?,?,?,?,?,?,?,?,?,?,?,?,?,?,?,?,?,?,?,?,?,?,?,?,?,?,?,?,?,?,?,?,?,?,?,?,?,?,?,1,-,0,0,0,0,0,0,0,0,0,0,2,1,0,0,1,1,-,1,0,-,0,0,1,1,1,-,2,1,1,1,0,0,1,0,1,1,-,0,0,0,0,1,0,0,1,1,0,0,1,0,1,1,0,1,0,0,0,0,2,1,0,0,1,0,2,0,1,0,0,0,0,1,1,0,0,0,0,0,0,0,0,1,0,0,1,0,1,0,1,1,2,0,0,0,0,1,0,1,1,0,0,1,1,-,0,1,0,0,0,1,0,0,0,0,1,0,0,0,0,1,1,1,1,1,0,0,1,1,0,0,0,1,0,-,-,1,0,0,2,0,0,1,-,-,1,1,1,0,0,1,0,0,1,1,0,1,0,0,1,0,1,0,0,0,1,0,0,1,1,0,0,0,0,1,0,1,1,0,0,1,0,1,0,0,0,0,0,0,0,0,0,2,0,1,-,-,1,0,0,0,1,1,0,1,0,0,0,1,-,-,-,-,-,-,0,-,-,-,-,-,-,-,-,-,-,-,-,-,-,-,-,-,-,-,-,-,-,-,-,-,-,-,-,-,-,-,-,-,-,-,-,-,-,-,-,-,-,-,-,-,-,-,-,-,-,-,-,-,-,-,-,?,?,?,?,?,?,?,?,?,?,?,?,?,?,?,?,?,?,?,?,?,?,?,?,?,?,?,?,?,?,?,?,?,?,?,?,?,?,?,?,?,?,?,?,?,?,?,?,0,?,?
Zagryphus,0,1,0,1,1,0,0,0,1,0,0,0,1,1,1,0,2,1,0,1,1,1,1,-,-,1,1,0,0,-,-,-,-,-,-,-,-,-,-,-,2,1,1,0,-,-,-,2,-,-,-,-,-,-,-,-,4,0,-,1,6,0,-,-,-,-,1,-,0,0,0,1,-,1,0,0,0,0,0,0,0,0,1,0,0,-,0,-,-,0,1,1,1,1,2,0,2,1,0,1,0,1,2,1,0,0,-,1,1,0,0,1,1,0,1,1,0,0,1,0,1,1,0,1,0,0,1,1,2,0,2,-,0,1,0,0,1,1,0,0,1,1,-,0,0,0,0,0,0,0,0,1,1,0,1,0,1,0,1,1,2,0,0,0,0,0,0,2,0,2,0,1,1,0,0,1,1,1,1,0,0,1,0,0,1,0,0,0,0,1,1,1,1,1,1,0,1,1,0,0,0,1,1,1,0,1,0,0,2,0,0,1,-,-,1,1,1,0,0,1,2,1,0,1,0,1,0,0,1,0,1,0,1,0,1,0,0,1,1,0,0,0,0,1,0,1,1,2,1,2,0,1,0,0,0,1,1,0,0,0,1,2,1,1,0,0,1,0,0,0,1,-,0,0,0,1,0,0,-,-,-,-,-,-,2,-,-,-,-,-,-,-,-,-,-,-,-,-,-,-,-,-,-,-,-,-,-,-,-,-,-,-,-,-,-,-,-,-,-,-,-,-,-,-,-,-,-,-,-,-,-,-,-,-,-,-,-,-,-,-,-,0,1,0,0,0,2,1,1,1,0/1,0,1,2,1,1,0,1,1,0,0,0,0,0,0,1,-,0,-,0,-,-,1,1,0,1,1,0,1,1,?,1,0,1,0,0,1,0,1,0,1,0
